-- MySQL dump 10.13  Distrib 5.5.57, for debian-linux-gnu (x86_64)
--
-- Host: 0.0.0.0    Database: librairie
-- ------------------------------------------------------
-- Server version	5.5.57-0ubuntu0.14.04.1

/*!40101 SET @OLD_CHARACTER_SET_CLIENT=@@CHARACTER_SET_CLIENT */;
/*!40101 SET @OLD_CHARACTER_SET_RESULTS=@@CHARACTER_SET_RESULTS */;
/*!40101 SET @OLD_COLLATION_CONNECTION=@@COLLATION_CONNECTION */;
/*!40101 SET NAMES utf8 */;
/*!40103 SET @OLD_TIME_ZONE=@@TIME_ZONE */;
/*!40103 SET TIME_ZONE='+00:00' */;
/*!40014 SET @OLD_UNIQUE_CHECKS=@@UNIQUE_CHECKS, UNIQUE_CHECKS=0 */;
/*!40014 SET @OLD_FOREIGN_KEY_CHECKS=@@FOREIGN_KEY_CHECKS, FOREIGN_KEY_CHECKS=0 */;
/*!40101 SET @OLD_SQL_MODE=@@SQL_MODE, SQL_MODE='NO_AUTO_VALUE_ON_ZERO' */;
/*!40111 SET @OLD_SQL_NOTES=@@SQL_NOTES, SQL_NOTES=0 */;

--
-- Table structure for table `category`
--

DROP TABLE IF EXISTS `category`;
/*!40101 SET @saved_cs_client     = @@character_set_client */;
/*!40101 SET character_set_client = utf8 */;
CREATE TABLE `category` (
  `id` int(11) NOT NULL AUTO_INCREMENT,
  `name` varchar(255) COLLATE utf8mb4_unicode_ci NOT NULL,
  PRIMARY KEY (`id`)
) ENGINE=InnoDB AUTO_INCREMENT=8 DEFAULT CHARSET=utf8mb4 COLLATE=utf8mb4_unicode_ci;
/*!40101 SET character_set_client = @saved_cs_client */;

--
-- Dumping data for table `category`
--

LOCK TABLES `category` WRITE;
/*!40000 ALTER TABLE `category` DISABLE KEYS */;
INSERT INTO `category` VALUES (1,'Littérature française'),(2,'Littérature étrangère'),(3,'Essais'),(4,'Polars'),(5,'Littérature adolescent'),(6,'Jeunesse'),(7,'BD - Manga');
/*!40000 ALTER TABLE `category` ENABLE KEYS */;
UNLOCK TABLES;

--
-- Table structure for table `command`
--

DROP TABLE IF EXISTS `command`;
/*!40101 SET @saved_cs_client     = @@character_set_client */;
/*!40101 SET character_set_client = utf8 */;
CREATE TABLE `command` (
  `id` int(11) NOT NULL AUTO_INCREMENT,
  `user_id` int(11) NOT NULL,
  `sent_at` datetime NOT NULL,
  `orders` varchar(255) COLLATE utf8mb4_unicode_ci NOT NULL,
  `isbn` bigint(20) NOT NULL,
  `title` varchar(255) COLLATE utf8mb4_unicode_ci NOT NULL,
  `author` varchar(255) COLLATE utf8mb4_unicode_ci NOT NULL,
  PRIMARY KEY (`id`),
  KEY `IDX_8ECAEAD4A76ED395` (`user_id`),
  CONSTRAINT `FK_8ECAEAD4A76ED395` FOREIGN KEY (`user_id`) REFERENCES `user` (`id`)
) ENGINE=InnoDB AUTO_INCREMENT=114 DEFAULT CHARSET=utf8mb4 COLLATE=utf8mb4_unicode_ci;
/*!40101 SET character_set_client = @saved_cs_client */;

--
-- Dumping data for table `command`
--

LOCK TABLES `command` WRITE;
/*!40000 ALTER TABLE `command` DISABLE KEYS */;
INSERT INTO `command` VALUES (101,17,'2018-05-12 21:58:11','commande',9782330069377,'14 Juillet','Eric Vuillard'),(102,17,'2018-05-12 22:03:49','commande',9782226224132,'Bal de givre à New York','Fabrice Collin'),(103,17,'2018-05-12 22:04:04','commande',9782505048824,'Les vieux fourneaux - Tome 1 - Ceux qui restent','Wilfrid Lupano'),(104,17,'2018-05-13 09:28:16','commande',9782203054455,'Le carnet rouge','Annelise Heurtier'),(105,17,'2018-05-13 09:29:19','commande',9782710385271,'Deux remords de Claude Monet','Michel Bernard'),(106,17,'2018-05-13 13:03:49','commande',9781781101049,'Harry Potter et la Chambre des Secrets','J.K. Rowling'),(107,17,'2018-05-13 13:04:17','commande',9782072762246,'Ada','Antoine Bello'),(108,11,'2018-05-13 14:07:41','commande',9782072678639,'Retour à Séfarad','Pierre Assouline'),(109,17,'2018-05-13 14:11:35','commande',9782742798223,'Le tailleur de pierre','Camilla Läckberg'),(110,17,'2018-05-13 14:15:04','commande',9782075060509,'Vango','Timothée de Fombelle'),(113,16,'2018-05-13 21:01:10','commande',9782226426949,'LaRose','Louise Erdrich');
/*!40000 ALTER TABLE `command` ENABLE KEYS */;
UNLOCK TABLES;

--
-- Table structure for table `contact`
--

DROP TABLE IF EXISTS `contact`;
/*!40101 SET @saved_cs_client     = @@character_set_client */;
/*!40101 SET character_set_client = utf8 */;
CREATE TABLE `contact` (
  `id` int(11) NOT NULL AUTO_INCREMENT,
  `last_name` varchar(255) COLLATE utf8mb4_unicode_ci DEFAULT NULL,
  `first_name` varchar(255) COLLATE utf8mb4_unicode_ci DEFAULT NULL,
  `email` varchar(255) COLLATE utf8mb4_unicode_ci NOT NULL,
  `title` varchar(255) COLLATE utf8mb4_unicode_ci NOT NULL,
  `content` longtext COLLATE utf8mb4_unicode_ci NOT NULL,
  `created_at` datetime NOT NULL,
  `username` varchar(255) COLLATE utf8mb4_unicode_ci NOT NULL,
  PRIMARY KEY (`id`)
) ENGINE=InnoDB AUTO_INCREMENT=17 DEFAULT CHARSET=utf8mb4 COLLATE=utf8mb4_unicode_ci;
/*!40101 SET character_set_client = @saved_cs_client */;

--
-- Dumping data for table `contact`
--

LOCK TABLES `contact` WRITE;
/*!40000 ALTER TABLE `contact` DISABLE KEYS */;
INSERT INTO `contact` VALUES (1,NULL,NULL,'joesimonnet@gmail.com','Commande [Ref 101 ][9782330069377] 14 Juillet (Eric Vuillard)','Pas de message supplementaire','2018-05-12 21:58:11','Joffrey'),(2,NULL,NULL,'joesimonnet@gmail.com','Commande [Ref 102 ][9782226224132] Bal de givre à New York (Fabrice Collin)','Pas de message supplementaire','2018-05-12 22:03:49','Joffrey'),(3,NULL,NULL,'joesimonnet@gmail.com','Commande [Ref 103 ][9782505048824] Les vieux fourneaux - Tome 1 - Ceux qui restent (Wilfrid Lupano)','Pas de message supplementaire','2018-05-12 22:04:04','Joffrey'),(4,NULL,NULL,'joesimonnet@gmail.com','Commande [Ref 104 ][9782203054455] Le carnet rouge (Annelise Heurtier)','Pas de message supplementaire','2018-05-13 09:28:16','Joffrey'),(5,NULL,NULL,'joesimonnet@gmail.com','Commande [Ref 105 ][9782710385271] Deux remords de Claude Monet (Michel Bernard)','Pas de message supplementaire','2018-05-13 09:29:19','Joffrey'),(6,NULL,NULL,'joesimonnet@gmail.com','Commande [Ref 106 ][9781781101049] Harry Potter et la Chambre des Secrets (J.K. Rowling)','Pas de message supplementaire','2018-05-13 13:03:49','Joffrey'),(7,NULL,NULL,'joesimonnet@gmail.com','Commande [Ref 107 ][9782072762246] Ada (Antoine Bello)','Pas de message supplementaire','2018-05-13 13:04:17','Joffrey'),(10,NULL,NULL,'joesimonnet@gmail.com','Commande [Ref 109 ][9782742798223] Le tailleur de pierre (Camilla Läckberg)','Pas de message supplementaire','2018-05-13 14:11:35','Joffrey'),(11,NULL,NULL,'joesimonnet@gmail.com','Commande [Ref 110 ][9782075060509] Vango (Timothée de Fombelle)','Pas de message supplementaire','2018-05-13 14:15:04','Joffrey'),(14,NULL,NULL,'frederic@mail.com','Demande de renseignements','Bonjour, est ce que vous ouvrez le 14 Juillet ?\r\nmerci\r\nFred','2018-05-13 20:59:01','Frederic'),(15,NULL,NULL,'frederic@mail.com','Commande [Ref 113 ][9782226426949] LaRose (Louise Erdrich)','Pas de message supplementaire','2018-05-13 21:01:10','Frederic'),(16,NULL,NULL,'fbegue@live.com','Demande de renseignements','Salut c\'est Gauthier Smith, c\'est juste pour dire tactac','2018-05-13 21:03:27','Gauthier');
/*!40000 ALTER TABLE `contact` ENABLE KEYS */;
UNLOCK TABLES;

--
-- Table structure for table `events`
--

DROP TABLE IF EXISTS `events`;
/*!40101 SET @saved_cs_client     = @@character_set_client */;
/*!40101 SET character_set_client = utf8 */;
CREATE TABLE `events` (
  `id` int(11) NOT NULL AUTO_INCREMENT,
  `user_id` int(11) NOT NULL,
  `title` varchar(255) COLLATE utf8mb4_unicode_ci DEFAULT NULL,
  `content` longtext COLLATE utf8mb4_unicode_ci,
  `created_at` datetime NOT NULL,
  PRIMARY KEY (`id`),
  KEY `IDX_5387574AA76ED395` (`user_id`),
  CONSTRAINT `FK_5387574AA76ED395` FOREIGN KEY (`user_id`) REFERENCES `user` (`id`)
) ENGINE=InnoDB AUTO_INCREMENT=13 DEFAULT CHARSET=utf8mb4 COLLATE=utf8mb4_unicode_ci;
/*!40101 SET character_set_client = @saved_cs_client */;

--
-- Dumping data for table `events`
--

LOCK TABLES `events` WRITE;
/*!40000 ALTER TABLE `events` DISABLE KEYS */;
INSERT INTO `events` VALUES (11,14,'Attention travaux imminent','<p style=\"text-align:center\"><span style=\"font-size:medium\"><span style=\"color:#000000\"><span style=\"font-family:Arial,Tahoma,Verdana,sans-serif\"><span style=\"background-color:#ffffff\"><span style=\"color:#000000\"><span style=\"font-size:14px\"><span style=\"font-family:arial,helvetica,sans-serif\">La librairie sera en travaux (et donc ferm&eacute;e...) du&nbsp;<strong>4 au 17 juin 2018</strong></span></span></span></span></span></span></span></p>\r\n\r\n<p style=\"text-align:center\"><span style=\"font-size:medium\"><span style=\"color:#000000\"><span style=\"font-family:Arial,Tahoma,Verdana,sans-serif\"><span style=\"background-color:#ffffff\"><span style=\"color:#000000\"><span style=\"font-size:14px\"><span style=\"font-family:arial,helvetica,sans-serif\">Merci de votre compr&eacute;hension !&nbsp;</span></span></span></span></span></span></span></p>\r\n\r\n<p>&nbsp;</p>','2018-05-13 16:43:55'),(12,14,NULL,'<p style=\"text-align:center\"><span style=\"color:#000000\"><span style=\"font-size:28px\"><strong><span style=\"font-family:Verdana,Geneva,sans-serif\">R&eacute;novation imminente !</span></strong></span></span><br />\r\n<br />\r\n<span style=\"color:#000000\"><span style=\"font-size:16px\"><span style=\"font-family:Verdana,Geneva,sans-serif\">Comme vous le savez du <strong>4 au 17 juin</strong> la librairie fermera&nbsp;pour se refaire une beaut&eacute;.<br />\r\nA moins d&#39;un mois du d&eacute;but des travaux c&#39;est le moment de vous d&eacute;voiler les plans de la nouvelle librairie&nbsp;!</span></span><br />\r\n<br />\r\n<img alt=\"\" src=\"/projetlibrairie/public/assets/uploads/plan.jpg\" style=\"height:427px; width:600px\" /><br />\r\n<br />\r\n<br />\r\n<br />\r\n<span style=\"font-size:14px\"><span style=\"font-family:Verdana,Geneva,sans-serif\">Nous avons fait appel &agrave; l&#39;atelier d&#39;architecture et de ma&icirc;trise d&#39;oeuvre <em><strong>Inspirations d&#39;Int&eacute;rieurs</strong> </em>et ben&eacute;ficions du soutien de&nbsp;l&#39;<em><strong>ADELC </strong></em>pour r&eacute;aliser ses travaux.</span></span></span></p>\r\n\r\n<p style=\"text-align:center\"><br />\r\n<a href=\"http://www.inspirationsinterieurs.com/\" target=\"_blank\"><span style=\"color:#000000\"><img alt=\"\" src=\"/projetlibrairie/public/assets/uploads/inspirations%20d%2527interieurs_R_mini_RVB.jpg\" style=\"height:100px; width:100px\" /></span></a><a href=\"http://adelc.fr/\" target=\"_blank\"><span style=\"color:#000000\"><img alt=\"\" src=\"/projetlibrairie/public/assets/uploads/adelc.png\" style=\"height:84px; width:150px\" /></span></a></p>','2018-05-13 17:34:08');
/*!40000 ALTER TABLE `events` ENABLE KEYS */;
UNLOCK TABLES;

--
-- Table structure for table `heart_stroke`
--

DROP TABLE IF EXISTS `heart_stroke`;
/*!40101 SET @saved_cs_client     = @@character_set_client */;
/*!40101 SET character_set_client = utf8 */;
CREATE TABLE `heart_stroke` (
  `id` int(11) NOT NULL AUTO_INCREMENT,
  `user_id` int(11) NOT NULL,
  `category_id` int(11) DEFAULT NULL,
  `title` varchar(255) COLLATE utf8mb4_unicode_ci NOT NULL,
  `opinion` longtext COLLATE utf8mb4_unicode_ci NOT NULL,
  `created_at` datetime NOT NULL,
  `description` longtext COLLATE utf8mb4_unicode_ci NOT NULL,
  `image_link` varchar(255) COLLATE utf8mb4_unicode_ci NOT NULL,
  `published_date` varchar(20) COLLATE utf8mb4_unicode_ci DEFAULT NULL,
  `publisher` varchar(255) COLLATE utf8mb4_unicode_ci DEFAULT NULL,
  `authors` varchar(255) COLLATE utf8mb4_unicode_ci DEFAULT NULL,
  `price` int(11) DEFAULT NULL,
  `price_currency` varchar(20) COLLATE utf8mb4_unicode_ci DEFAULT NULL,
  `isbn` bigint(20) DEFAULT NULL,
  `pages` int(11) DEFAULT NULL,
  PRIMARY KEY (`id`),
  KEY `IDX_D1779E1BA76ED395` (`user_id`),
  KEY `IDX_D1779E1B12469DE2` (`category_id`),
  CONSTRAINT `FK_D1779E1B12469DE2` FOREIGN KEY (`category_id`) REFERENCES `category` (`id`),
  CONSTRAINT `FK_D1779E1BA76ED395` FOREIGN KEY (`user_id`) REFERENCES `user` (`id`)
) ENGINE=InnoDB AUTO_INCREMENT=108 DEFAULT CHARSET=utf8mb4 COLLATE=utf8mb4_unicode_ci;
/*!40101 SET character_set_client = @saved_cs_client */;

--
-- Dumping data for table `heart_stroke`
--

LOCK TABLES `heart_stroke` WRITE;
/*!40000 ALTER TABLE `heart_stroke` DISABLE KEYS */;
INSERT INTO `heart_stroke` VALUES (51,13,1,'Au pays des purs','Anne, journaliste française, est envoyée par son journal pour enquêter sur le risque de détournement de l’arme nucléaire dans le seul pays musulman qui la possède : le Pakistan ou « Pays des purs ». Dans les jardins, les mosquées  et les palais de Lahore la Moghole, la jeune femme se heurte aux réseaux d\'espions de tous bords, militaires et policiers, familles patriciennes et djihadistes. Elle va nous faire découvrir le pays géographique (désert, montagnes, ports, etc…) et social  (populations des bidons-villes, paysans déracinés, politiciens forcément corrompus…) C’est peut-être le défaut principal du livre qui sent la tentative un peu scolaire de nous faire découvrir tous les aspects de ce pays intrigant et méconnu. Sinon il se lit avec plaisir.','2018-05-12 13:41:25','Avec ce bouleversant roman d’amour Kenizé Mourad nous emmène dans un pays secret et méconnu, le Pakistan, « Le Pays des Purs ». Anne, journaliste française, enquête, dans ce seul pays musulman doté de la force nucléaire, sur les risques d’un détournement possible de la bombe par les terroristes. Dans la beauté aristocratique de Lahore, célèbre pour ses palais, ses mosquées et ses jardins moghols, la jeune femme se heurte aux réseaux d’espions de tous bords, de militaires et de policiers, de familles patriciennes et de djihadistes. Elle va tenter de pénétrer une organisation extrémiste responsable d’attentats meurtriers, sera prise en otage, connaîtra la faim, la soif et l’angoisse de la mort. Parmi ceux qui la guident, son étrange ami Karim pourra-t-il la sauver ? Karim, l’homme de théâtre qui monte des pièces de Beckett à Lahore, Karim qui aime le Pakistan passionnément et garde un dangereux secret.','http://books.google.com/books/content?id=Q5lNDwAAQBAJ&printsec=frontcover&img=1&zoom=1&edge=curl&source=gbs_api','2018-03-14','Fayard','Kenizé Mourad',15,'€',9782213706863,NULL),(52,13,1,'Vers la beauté','Antoine Duris est professeur aux Beaux-Arts de Lyon. Du jour au lendemain, il décide de tout quitter pour devenir gardien de salle au Musée d\'Orsay. Pourquoi ? Personne ne connaît les raisons de cette reconversion ni le traumatisme qui l’y a poussé. Pour y survivre, cet homme n\'a trouvé qu\'un remède, se tourner vers la beauté des œuvres d’art.\r\nAprès Charlotte, David Foenkinos nous entraîne une nouvelle fois dans le monde de  la peinture et de ses puissances. Derrière le secret d\'un homme, on comprendra qu\'il y a un autre destin, celui d\'une jeune femme, Camille, hantée par un drame. On retrouve les mêmes thématiques que lors de ses précédents romans, un bon opus de Foenkinos.','2018-05-12 13:41:57','Antoine Duris est professeur aux Beaux-Arts de Lyon. Du jour au lendemain, il décide de tout quitter pour devenir gardien de salle au Musée d’Orsay. Mathilde Mattel, DRH du Musée, est rapidement frappée par la personnalité de cet homme taciturne, mystérieux, spécialiste de Modigliani, qui a choisi de s’effacer dans une fonction qui ne correspond pas à ses compétences reconnues. Antoine est affecté à la salle des Modigliani, et Mathilde le surprend parfois à parler à mi-voix au portrait de Jeanne Hébuterne, la fiancée du peintre au destin tragique. Il fuit tout contact social, même si Mathilde ne le laisse pas indifférent. Personne ne connaît les raisons de cette reconversion ni le traumatisme qu’il vient d’éprouver. Pour survivre, cet homme n’a trouvé qu’un remède, se tourner vers la beauté.','http://books.google.com/books/content?id=gwxNDwAAQBAJ&printsec=frontcover&img=1&zoom=1&edge=curl&source=gbs_api','2018-03-22T00:00:00+','Editions Gallimard','David Foenkinos',13,'€',9782072784903,NULL),(53,13,1,'Quand Dieu apprenait le dessin','Au début du IX ème siècle, en 828, le doge de Rialto envoie deux tribuns en mission à Alexandrie, pour ramener par tous les moyens la dépouille momifiée de Saint Marc afin de rivaliser avec Saint Pierre de Rome. Un bon roman historique dans une période peu traitée, celle de Venise d’avant la grandeur.','2018-05-12 13:42:23','Au début du ixe siècle, « nous étions à l’âge des ténèbres. Le palais des doges n’avait pas encore remplacé la lourde forteresse où s’enfermaient les ducs. Les Vénitiens étaient ce peuple de marchands réfugiés dans les lagunes, pour se protéger des barbares. Ils ne voulaient pas affronter des ennemis mais cherchaient des clients : aux uns, ils vendaient des esclaves, aux autres du poivre ou de la soie. Leur force, c’étaient les bateaux – dans une Europe encore aux mains des évêques et des Papes. » Venise la récalcitrante excite les convoitises et s’exaspère du pouvoir de Rome. Le 31 janvier 828, le doge de Rialto envoie deux tribuns en mission à Alexandrie pour ramener par tous les moyens la dépouille momifiée de saint Marc... Sous la protection d’un évangéliste de cette renommée, Venise pourra traiter d’égale à égale avec Rome et fonder ainsi une république de mille ans... Le roman d’une époque méconnue, racontée avec brio et ironie par Patrick Rambaud.','http://books.google.com/books/content?id=ya8_DwAAQBAJ&printsec=frontcover&img=1&zoom=1&edge=curl&source=gbs_api','2018-01-10','Grasset','Patrick Rambaud',13,'€',9782246814870,NULL),(54,13,1,'Retour à Séfarad','Pierre Assouline dépose un dossier pour une naturalisation espagnole en tant que descendant des juifs sépharades. Deux ans auparavant, Sa Majesté Felipe VI  a déclaré : \"Comme vous nous avez manqué!\". Il s\'adressait à l\'ensemble des séfarades à travers le monde, ces descendants des Juifs expulsés d\'Espagne en 1492.Une nouvelle loi qui accorde la citoyenneté à ceux qui peuvent prouver leur descendance juive est votée. Une pile de dossiers administratifs et de bureaux impénétrables se dressent rapidement devant l’auteur. S’ensuit  une longue quête à travers cinq siècles d’histoire et une éblouissante démonstration d’érudition. Entretiens avec un panel d’Espagnols  prestigieux, morts ou vivants, anecdotes politiques et humaines sur l’Espagne contemporaine se succèdent. Cette quête d’identité est un régal.','2018-05-12 13:42:51','\"Il y a deux ans, Sa Majesté Felipe VI m’a dit : \"Comme vous nous avez manqué!\" En fait, il s’adressait à l’ensemble des séfarades à travers le monde, ces descendants des Juifs expulsés d’Espagne en 1492. À l’occasion d’une nouvelle loi nous accordant la citoyenneté, le roi d’Espagne nous offrait de revenir au pays. Sur le moment, je l’avoue, j’ai un peu hésité. Cinq siècles après, tout de même... Puis j’ai pris pour moi cet appel historique. J’ai déposé un dossier et, sans attendre ma naturalisation, je suis parti en Espagne, le pays du Quichotte et d’Almodóvar, de Goya et du Real Madrid, de l’Inquisition et de la post-Movida, celle qui explore son passé et celle qui le refoule. Je suis allé à la rencontre des gens, des écrivains, des poètes, des professeurs mais aussi de l’homme de la rue. Pendant ce temps dans les bureaux des administrations, mon dossier rencontrait quantité d’obstacles imprévus...\" Pierre Assouline Retour à Séfarad est un palpitant roman d’aventures à travers un des plus attachants pays d\'Europe. Et, en filigrane, une réflexion sur l’identité.','http://books.google.com/books/content?id=KItDDwAAQBAJ&printsec=frontcover&img=1&zoom=1&edge=curl&source=gbs_api','2018-01-11T00:00:00+','Editions Gallimard','Pierre Assouline',15,'€',9782072678639,NULL),(55,13,1,'Boccanera','Un bon polar niçois, une détective privé bien typée : Ghjulia Boccanera , privé en Docs Martens, quinqua sans enfant, buveuse de café et insomniaque. Il y a tous les ingrédients du bon polar local ; un bon moment de lecture malgré les petits défauts d’un premier roman.','2018-05-12 13:43:19','Ghjulia Boccanera est détectivée privée. D\'origine corse, elle vit et travaille à Nice. Viscéralement indépendante, elle a choisi cette voie pour n\'avoir de comptes à rendre à personne - ou presque. Elle est engagée pour enquêter sur une série de meurtres, peut-être homophobes, particulièrement violents. Entre la directrice d\'un grand groupe, un réfugié syrien, un travesti et un inspecteur du travail, ses interlocuteurs sont pour le moins variés, les mobiles restent flous. Avec Boccanera, le lecteur arpente les ruelles du Vieux Nice, longe la Promenade, se balade sur le port. Elle n\'a pas froid aux yeux et est entourée d\'une multitude de personnages atypiques et forts en gueule. Point de départ d\'une série qui s\'annonce prometteuse... Michèle Pedinielli, née à Nice d’un mélange corse et italien, est « montée à la capitale » pour devenir journaliste en presse écrite pendant une quinzaine d\'années. Aujourd\'hui de retour à Nice, elle a décidé de se mettre à l\'écriture suite à la sélection de sa première nouvelle par le festival Toulouse Polars du Sud. Boccanera est son premier roman, point de départ d\'une série noire se situant à Nice.','http://books.google.com/books/content?id=oCpFDwAAQBAJ&printsec=frontcover&img=1&zoom=1&edge=curl&source=gbs_api','2018-02-01T00:00:00+','Editions de l\'Aube','Michèle PEDINIELLI',11,'€',9782815927260,NULL),(56,13,1,'Le Vieil homme aux dix mille dessins','Le vieil homme aux dix mille dessins avait pour nom Hokusai, l\'un des plus célèbres et prolifiques peintres japonais. Hélas, cinq ans avant sa mort (1849) sa maison a brulé, entraînant la perte de toutes ses archives et correspondances. Ce roman biographique est très intéressant et explique très bien le monde de l’art et de la peinture dans le Japon de l’ère Edo et la démarche personnelle d’ Hokusai. Célèbre de son vivant, il a vécu à la limite de la pauvreté, mais comme tous les siens (Hiroshige, Utamaro…) il vivait à la limite de la pauvreté. Un bon livre facile à conseiller.','2018-05-12 13:43:56','Le vieil homme aux dix mille dessins avait pour nom Hokusai, lun des plus célèbres et prolifiques peintres japonais.Au printemps de 1849, au chevet de son père mourant, Oei veille. Pour occuper cette nuit pleine dangoisse, elle entreprend de classer ses dessins et découvre des mémoires écrits par son père, dont elle navait jamais soupçonné lexistence. Cest ainsi que nous cheminons aux côtés de ce peintre dune curiosité insatiable, qui voulait tout dessiner, tous les jours et sur tous les sujets, ainsi que dans lintimité dune vie mouvementée qui nous fait rêver comme un roman.','http://books.google.com/books/content?id=IWeQAQAAQBAJ&printsec=frontcover&img=1&zoom=1&edge=curl&source=gbs_api','2012-08-30T12:54:00+','Editions Philippe Picquier','Aude FIESCHI',7,'€',9782809708738,NULL),(57,13,1,'Taqawan','Une histoire commencée en Gaspésie, le 11 juin 1981, mais qui plonge ses racines dans l’arrivée des Européens en Amérique. Pour les Indiens en général, et les Mi’qmaqs en particulier c’est le début d’une lente expropriation des terres, des ressources et de la culture. Le Québec, alors en pleine revendication nationale et indépendantiste, dénie avec violence toute autonomie aux indiens locaux, paradoxe éternel du nationalisme qui nie pour les autres la dignité qu’il réclame pour lui-même.  \r\n               Le gouvernement du Québec décide de limiter la pêche au saumon pour « préserver les ressources » alors que ce sont les navires de pêche industriels qui croisent au large qui les pillent. C’est l’émeute dans les réserves. On voit  un « agent de la faune » qui  change de camp, une adolescente qui affronte ceux qui ont humilié son père,  une jeune enseignante qui s’apprête à retourner dans son pays. Un beau roman québecois','2018-05-12 13:44:28','Résumé non disponible','http://www.quidamediteur.com/thumbs/72dpi-taqawan_plat1-f1fef497348716dff5d385b847565c38.jpg','2018-01-04',NULL,'Eric Plamondon',NULL,NULL,9782374910789,NULL),(58,15,1,'A la fin le silence','Le sujet des attentats de Paris est assez délicat à traiter, surtout mis en parallèle avec la vente d\'une maison. Mais la narratrice en est consciente et s\'en explique. Elle parvient ainsi à mêler l\'intime et le \"collectif\".\r\nDe Laurence Tardieu, j\'avais adoré \"Puisque rien ne dure\", paru il y a une dizaine d\'années, sur un autre thême extrêmement difficile, la perte d\'un enfant. Et j\'ai l\'impression d\'avoir été moins touchée par celui-ci ; pourtant j\'ai relevé de nombreuses phrases que j\'ai trouvé très belles et qui m\'ont \"parlé\"... Je pense que ce livre va faire partie pour moi des textes dont on ne sait pas tout de suite s\'ils nous plaisent ou pas mais qui restent malgré tout dans un coin de notre tête pendant longtemps...','2018-05-12 13:45:58','Décembre 2014. Depuis plusieurs semaines, la narratrice sait qu\'elle va devoir vendre la maison de son enfance. Lieu des origines et de l\'ancrage, de la mémoire familiale et de sa propre mémoire. Face à ce chagrin intime, écrire un livre lui semble la seule chose encore possible : trouver les mots pour, peut-être, sauver un peu de la maison avant qu\'elle ne disparaisse de sa vie, lui restituer une part d\'éternité. Janvier 2015. La vague d\'attentats qui frappe la France la laisse sans mots, comme dépossédée du monde tel qu\'elle le connaissait. En elle, l\'urgence s\'est déplacée : que faire d\'autre qu\'écrire, pour tenter d\'affronter l\'innommable ? Au fil des semaines, sa vie va se jouer entre ce sentiment de fissuration du monde extérieur, que les attentats de novembre ne vont qu\'intensifier, et celui de dépossession de son monde intime. Jamais le dehors et le dedans ne lui ont paru à ce point liés. Contrepoint paradoxal, insensé, de cet effondrement généralisé : tout au long de ces mois elle a porté un enfant, puis elle l\'a mis au monde. Laurence Tardieu est née en 1972. Elle est l\'auteur, notamment, du Jugement de Léa (Arléa, 2004), de Puisque rien ne dure (Stock, 2006), de La Confusion des peines (Stock, 2011), et d\'Une vie à soi (Flammarion, 2014).','http://books.google.com/books/content?id=gfGoDAAAQBAJ&printsec=frontcover&img=1&zoom=1&edge=curl&source=gbs_api','2016-08-18T00:00:00+','Le Seuil','Laurence Tardieu',11,'€',9782021313673,NULL),(59,13,1,'14 Juillet','Ce n’est ni un livre d’histoire, ni un roman, ni un récit, et pourtant on entre facilement dans cette sorte de chronique du 14 Juillet 1789, une chronique à ras des gens qui font le peuple, loin de la « mise en scène » de la mémoire révolutionnaire. Proche, dans le style, de la relecture de la conquête de l’Ouest à travers la vie de Bill Cody que Vuillard avait faite en 2014 (La tristesse de la terre).','2018-05-12 13:49:35','La prise de la Bastille est l’un des évènements les plus célèbres de tous les temps. On nous récite son histoire telle qu’elle fut écrite par les notables, depuis l’Hôtel de ville, du point de vue de ceux qui n’y étaient pas. 14 Juillet raconte l’histoire de ceux qui y étaient. Un livre ardent et épiphanique, où notre fête nationale retrouve sa grandeur tumultueuse.','http://books.google.com/books/content?id=53VrDAAAQBAJ&printsec=frontcover&img=1&zoom=1&edge=curl&source=gbs_api','2016-08-17T00:00:00+','Éditions Actes Sud','Eric Vuillard',14,'€',9782330069377,NULL),(60,14,1,'Ada','Entre enquête policière, intelligence artificielle et littératture à l\'eau de rose, saupoudré d\'une touche d\'humour. Un bon moment de lecture mais qui n\'atteint pas l\'originalité et la magnifique construction des Falsificateurs, l\'un des très bon précédent roman d\'Antoine Bello.','2018-05-12 13:50:18','Frank Logan, policier dans la Silicon Valley, est chargé d’une affaire un peu particulière : une intelligence artificielle révolutionnaire a disparu de la salle hermétique où elle était enfermée. Baptisé Ada, ce programme informatique a été conçu pour écrire des romans à l’eau de rose. Mais Ada a d’autres ambitions : elle parle, blague, détecte les émotions, et se pique de décrocher un jour le prix Pulitzer. Au cours de son enquête, ce que Frank découvre sur les pouvoirs et les dangers de la technologie l’ébranle au point qu’il s’interroge : est-il vraiment souhaitable de retrouver Ada ?','http://books.google.com/books/content?id=vjpYDwAAQBAJ&printsec=frontcover&img=1&zoom=1&edge=curl&source=gbs_api','2018-04-19T00:00:00+','Editions Gallimard','Antoine Bello',7,'€',9782072762246,NULL),(61,15,1,'Deux remords de Claude Monet','J\'ai aimé ! J\'ai senti beaucoup de tendresse de l\'auteur pour ses personnages. Il faut dire qu\'il les décrit très attachants, notamment Camille, la première femme de Monet, mais aussi Bazille et Renoir... Michel Bernard rend parfaitement le lien inextricable entre l\'homme (sa vie, son quotidien, son bonheur et ses deuils) et son oeuvre :\r\n\"La tendresse du père pour le fils, comme le désir de l\'homme pour la mère, avait augmenté l\'artiste, avait mis son être, sa vie, aux dimensions du monde.\" (page 68)\r\n\"Les yeux lavés par le vent de la mer, sur ce morceau de linge enduit de blanc, tendu entre quatre bouts de bois, il fixerait si exactement la lumière sur les choses que le jury du prochain Salon ne pourrait rien refuser de ce qu\'il présenterait. On saurait alors qui était Claude Monet.\" (page 66)','2018-05-12 13:51:53','\"Lorsque Claude Monet, quelques mois avant sa disparition, confirma à l’État le don des Nymphéas, pour qu’ils soient installés à l’Orangerie selon ses indications, il y mit une ultime condition : l’achat un tableau peint soixante ans auparavant, Femmes au jardin, pour qu\'il soit exposé au Louvre. À cette exigence et au choix de ce tableau, il ne donna aucun motif. Deux remords de Claude Monet raconte l’histoire d’amour et de mort qui, du flanc méditerranéen des Cévennes au bord de la Manche, de Londres aux Pays-Bas, de l’Île-de-France à la Normandie, entre le siège de Paris en 1870 et la tragédie de la Grande Guerre, hanta le peintre jusqu’au bout.\" Michel Bernard.','http://books.google.com/books/content?id=qGFADwAAQBAJ&printsec=frontcover&img=1&zoom=1&edge=curl&source=gbs_api','2018-01-04T00:00:00+','Editions de la Table Ronde','Michel Bernard',8,'€',9782710385271,NULL),(62,13,2,'My Absolute Darling','À quatorze ans, en Californie, Turtle Alveston a grandi seule, sous la coupe d\'un père charismatique et abusif, avec les armes à feu comme seule distraction. Son seul rapport avec l’extérieur est l’école où son père est obligé de l’envoyer pour éviter les services sociaux. C’est par cette école que viendra l’élément dissolvant qui permettra à la jeune fille de se libérer de cette fusion incestueuse. Un combat absolu construit comme un grand thriller.','2018-05-12 13:52:37','À quatorze ans, Turtle Alveston arpente les bois de la côte nord de la Californie avec un fusil et un pistolet pour seuls compagnons. Elle trouve refuge sur les plages et les îlots rocheux qu’elle parcourt sur des kilomètres. Mais si le monde extérieur s’ouvre à elle dans toute son immensité, son univers familial est étroit et menaçant : Turtle a grandi seule, sous la coupe d’un père charismatique et abusif. Sa vie sociale est confinée au collège, et elle repousse quiconque essaye de percer sa carapace. Jusqu’au jour où elle rencontre Jacob, un lycéen blagueur qu’elle intrigue et fascine à la fois. Poussée par cette amitié naissante, Turtle décide alors d’échapper à son père et plonge dans une aventure sans retour où elle mettra en jeu sa liberté et sa survie. My Absolute Darling a été le livre phénomène de l’année 2017 aux États-Unis. Ce roman inoubliable sur le combat d’une jeune fille pour devenir elle-même et sauver son âme marque la naissance d’un nouvel auteur au talent prodigieux.','http://books.google.com/books/content?id=xI1ODwAAQBAJ&printsec=frontcover&img=1&zoom=1&edge=curl&source=gbs_api','2018-03-01T00:00:00+','Éditions Gallmeister','Gabriel Tallent',16,'€',9782404008905,NULL),(63,13,2,'Voleur, espion et assassin','Ecrivain est  un métier de voleur, d\'espion et d\'assassin, car l\'écrivain espionne, écoute les gens en douce, et vole les paroles des autres. Un bon roman autobiographique d’un russe né avec la mort de Staline et qui finit avec l’accession d’Eltsine au pouvoir. Un récit dans la plus belle tradition russe, ou l’auteur subit les avanies traditionnelles attachées à la condition de l’intellectuel russe avec humour et finesse. Le livre et l’auteur sont très attachants.','2018-05-12 13:53:14','\"Dans la vie, il n’y a pas de tragédies, il y a soit de l’amour, soit le vide. Et pour comprendre la vie des autres, il faut avoir vécu la sienne.\" Narrateur dans la plus belle tradition russe, intellectuel averti et fin connaisseur des vicissitudes soviétiques, Iouri Bouïda nous livre avec Voleur, espion et assassin une autobiographie d’envergure. De son enfance d’après-guerre dans la région de Kaliningrad jusqu’aux premiers bouleversements de la perestroïka, Bouïda n’évoque jamais la violence et la désolation du quotidien sans recours au burlesque : des toilettes gelées, de l’érotisme au milieu de ruines teutoniques et des discours que plus personne n’écoute. Puisque la plupart des autres préfèrent la vodka, notre héros monte rapidement l’échelle sociale. Il devient membre du Parti communiste, rédacteur en chef d’un quotidien au fin fond de la campagne, puis chargé de la communication au comité régional du Parti. C’est l’écriture qui va le sauver, même s’il doit s’y reprendre à plusieurs fois avant de saisir ce que sa grand-mère lui disait avant sa mort : \"La liberté, c’est toi. Seulement, n’oublie jamais que la prison aussi, c’est toi.\" Né après la mort de Staline, marqué par un système politique et social en déclin, Bouïda dresse le portrait d’une société aussi défaillante que débrouillarde, aussi cruelle que capable de tendresse. Voleur, espion et assassin nous parle du courage individuel, de l’intégrité malgré tout, et d’une joie de vivre indéfectible.','http://books.google.com/books/content?id=VnxMDwAAQBAJ&printsec=frontcover&img=1&zoom=1&edge=curl&source=gbs_api','2018-03-08T00:00:00+','Editions Gallimard','Iouri Bouïda',15,'€',9782072723919,NULL),(64,13,2,'Comment j ́ai rencontré les poissons','Un roman construit comme une succession de nouvelles, avec pour sujet commun, un homme qui se  souvient de son père, génial représentant de commerce et grand amoureux de la pêche, géant captivant et charmeur aux yeux de l\'enfant qu\'il était. De l’enfance à la vie d’adulte, le roman construit une histoire familiale et nationale des années trente en Tchécoslovaquie, à l’arrivée des communistes. Largement autobiographique, avec la pêche et les étangs comme toile de fond, un livre touchant et agréable.','2018-05-12 13:53:55','Résumé non disponible','https://static.fnac-static.com/multimedia/Images/FR/NR/e7/21/7e/8266215/1507-1/tsp20160913171759/Comment-j-ai-rencontre-les-poissons.jpg','2016-10-01',NULL,'Ota Pavel',NULL,NULL,9791095434023,NULL),(65,13,2,'La vie parfaite','Le roman se déroule dans une banlieue imaginaire de Bologne, dans et autour de la cité des Lombriconi, suite de barres et d’immeubles sordides. On suit Adèle qui vient d\'avoir 18 ans et part pour accoucher, seule. Le père, looser et voyou égoïste, est déjà en prison. Il y a Dora, enseignante rongée par un désir insatisfait de maternité, qui enchaîne les FIV ratées, et s’éloigne lentement de Fabio son mari, lassé de son désir. Il y a aussi  Zeno : le voisin d\'Adèle, qui tous les soirs l\'espionne depuis son balcon. Il est l\'élève appliqué mais brillant de Dora, et il connaît les frontières invisibles qui séparent la ville et les êtres de ce monde où chacun est « né pour perdre ».Il y a les autres, évidemment ; pères, mères et proches. Je vous laisse découvrir les trames qui tissent ce très émouvant roman italien. Un des meilleurs du printemps 2018.','2018-05-12 13:55:12','Le matin de Pâques, Adele quitte le quartier Labriola et part accoucher, seule. Parce que l’avenir n’existe pas pour les jeunes nés comme elle du mauvais côté de la ville, parce qu’elle n’a que dix-huit ans et que le père est en prison, elle envisage d’abandonner son bébé. À une poignée de kilomètres, dans le centre de Bologne, le désir inassouvi d’enfant torture Dora jusqu’à l’obsession. Autour de ces deux femmes au seuil de choix cruciaux, gravitent les témoins de leur histoire. Et tous ces géants fragiles, ces losers magnifiques, cherchent un ailleurs, un lieu sûr, où l’on pourrait entrevoir la vie parfaite. Avec un souffle prodigieux et une écriture incandescente, Silvia Avallone compose un roman poignant sur la maternité et la jeunesse italienne écartelée entre précarité et espoir.','http://books.google.com/books/content?id=0INSDwAAQBAJ&printsec=frontcover&img=1&zoom=1&edge=curl&source=gbs_api','2018-04-05T00:00:00+','Liana Levi','Silvia AVALLONE',16,'€',9791034900176,NULL),(66,13,2,'Le dictateur qui ne voulait pas mourir','De son palais de Bucarest, le dernier dictateur roumain qui règne depuis 50 ans s’apprête à lancer un dernier défi à son peuple et au monde. Ses ingénieurs ont conçu une machine, une porte temporelle,  pour faire revenir un grand homme du passé : il a choisi Michel  le Brave. A travers lui c’est sa propre immortalité qu’il cherche. Mais que fera ce dirigeant qui faisait empaler ses opposants et massacrer ses adversaires au XVIème siècle ? Qui manipulera qui en fin de compte ?  Ce roman est une étonnante dystopie et une réflexion sur le pouvoir. Etonnant et original.','2018-05-12 13:55:44','\" Le troisième mandat avait été le plus terrible... Après ça, tout était allé de soi. Il était devenu un dictateur. \" Bogdan Teodorescu nous confronte à un passé qui vient rappeler que l\'homme, avec son léger vernis de civilisation, reste un loup pour l\'homme. Cloîtré dans une serre au verre sali par la pluie, d\'où il dirige la Roumanie d\'une main de fer depuis plus d\'un demi-siècle, le dictateur s\'apprête à lancer son grand défi à l\'Histoire. Pour échapper à l\'érosion du temps, il a fait construire en secret un portail entre présent et passé, capable de ramener les morts. Et demain, il ramènera le plus illustre d\'entre eux : un grand homme, un grand guerrier, un grand patriote... Michel Le Brave.Mais quand le leader d\'une époque où empaler ses adversaires était pratique courante débarque dans notre réalité, les réactions en chaîne sont pour le moins imprévisibles... Dans ce roman énigmatique, Bogdan Teodorescu nous confronte à un passé qui vient rappeler que l\'homme reste un loup pour l\'homme. Retours de la presse sur Spada : \" Un passionnant thriller politico-médiatique que structure une forme atypique. \" Macha Séry, Le Monde des livres \" Fascinant polar aux allures de troublante politique-fiction, grisâtre et grinçant à souhait qui [...] nous entraîne dans les replis d\'une société roumaine contemporaine complexe, fragile et divisée. \" Philippe Blanchet, Le Figaro Magazine \" A lire d\'urgence ! \" Alain Léauthier, Marianne \" Que demande le peuple ? Un autre roman signé Bogdan Teodorescu, et vite ! \" Marc Fernandez, Metro News Spada, son précédent roman, a été finaliste du prix du livre européen 2016','http://books.google.com/books/content?id=1hhMDwAAQBAJ&printsec=frontcover&img=1&zoom=1&edge=curl&source=gbs_api','2018-02-22','Agullo','Bogdan Teodorescu',12,'€',9791095718383,NULL),(67,13,2,'Des jours d\'une stupéfiante clarté','Appelfeld (décédé en janvier 2018) explore une fois de plus sa propre histoire, sans cesse revisitée. Le personnage qui l’incarne est  Theo Kornfeld. Il a vingt ans lorsqu\'il quitte le camp de concentration que ses gardiens viennent d\'abandonner à l\'approche des Russes. Il n\'a qu\'un seul but : retrouver la maison familiale. Mais cette quête solitaire est vécue comme une trahison: il abandonne ses camarades malades. Il croise une femme malade qui a connu son père, et les souvenirs familiaux hantent les pas de ce retour illusoire. Il faut lire ce lire comme une fable plus que comme un témoignage ou un roman. Chaque rencontre suscite en lui d\'innombrables questions. Comment vivre après la catastrophe ? Comment concilier passé et présent, solitude et solidarité? Ce livre admirable est le récit d\'une résurrection.','2018-05-12 13:56:23','Traduit de l\'hébreu par Valérie Zenatti Theo Kornfeld a vingt ans lorsqu\'il quitte le camp de concentration que ses gardiens viennent d\'abandonner à l\'approche des Russes. Il n\'a qu\'un seul but : retrouver la maison familiale. Errant sur les chemins, blessés au plus profond d\'eux-mêmes, les déportés qu\'il croise lui rappellent l\'horreur à laquelle il a survécu, tandis que d\'autres figures émergent de son passé. Celle de sa mère, Yetti, une femme à la beauté exceptionnelle, au caractère fantasque, qui aimait les églises, les monastères et l\'œuvre de Bach. Celle de Martin, un père trop discret que Theo va apprendre à mieux connaître. Des jours d\'une stupéfiante clarté raconte son voyage à travers les paysages d\'Europe centrale baignés de lumière. Chaque rencontre suscite en lui d\'innombrables questions. Comment vivre après la catastrophe ? Comment concilier passé et présent, solitude et solidarité ? Comment retrouver sa part d\'humanité ? Par-delà le fracas de l\'Histoire, ce livre admirable est le récit d\'une résurrection.','http://books.google.com/books/content?id=Zd1HDwAAQBAJ&printsec=frontcover&img=1&zoom=1&edge=curl&source=gbs_api','2018-01-19T00:00:00+','L\'Olivier','Aharon Appelfeld',14,'€',9782823610505,NULL),(68,13,2,'Le Ministère du Bonheur Suprême','On suit une série de personnages dans l’Inde contemporaine. Anjum, qui fut d’abord Aftab, et se fait opérer pour devenir femme, trouve un foyer dans un cimetière de la ville. Et puis un bébé apparaît soudain un peu après minuit sur un trottoir, couché dans un berceau de détritus. Il y a aussi l’énigmatique S. Tilottama , femme solaire autour de laquelle la vie de trois hommes qui l’aiment  va se construire.  \r\nCes  histoires d’amour se racontent dans un murmure, dans les larmes et, parfois, dans un rire. Elles montrent que l’histoire de l’Inde moderne est toujours une tragédie.\r\nCe livre magnifique ne se lit pas facilement, il alterne des narrations très différentes qui peuvent déstabiliser le lecteur (ou la lectrice), il reste pour moi un des plus puissants de ce début d’année 2018.','2018-05-12 13:56:59','Le Ministère du Bonheur Suprême nous emporte dans un voyage au long cours, des quartiers surpeuplés du Vieux Delhi vers la nouvelle métropole en plein essor et, au-delà, vers la Vallée du Cachemire et les forêts de l’Inde centrale, où guerre et paix sont interchangeables et où, de temps à autre, le retour à \"l’ordre\" est déclaré. Anjum, qui fut d’abord Aftab, déroule un tapis élimé dans un cimetière de la ville dont elle a fait son foyer. Un bébé apparaît soudain un peu après minuit sur un trottoir, couché dans un berceau de détritus. L’énigmatique S. Tilottama est une absence autant qu’une présence dans la vie des trois hommes qui l’aiment. Cette histoire d’amour poignante et irréductible se raconte dans un murmure, dans un cri, dans les larmes et, parfois, dans un rire. Ses héros sont des êtres brisés par le monde dans lequel ils vivent, puis sauvés, réparés par l’amour et l’espoir. Aussi inflexibles que fragiles, ils ne se rendent jamais. Ce livre magnifique et ravageur repousse les limites du roman dans sa définition et dans sa portée. Vingt ans après Le Dieu des Petits Riens, Arundhati Roy effectue un retour époustouflant à la fiction.','http://books.google.com/books/content?id=ouc_DwAAQBAJ&printsec=frontcover&img=1&zoom=1&edge=curl&source=gbs_api','2018-01-04T00:00:00+','Editions Gallimard','Arundhati Roy',16,'€',9782072727337,NULL),(69,13,2,'LaRose','Dakota du Nord, 1999. Landreaux Iron, un Indien Ojibwé, est impatient d\'honorer la tradition de la chasse d’automne. Sûr de son coup, il vise et tire. Et tandis que l\'animal continue de courir sous ses yeux, un enfant s\'effondre. Dusty, le fils de son ami et voisin Peter Ravich, avait cinq ans.\r\n L\'auteur explore le poids du passé, de l\'héritage culturel, et la notion de justice. Car pour réparer son geste, Landreaux choisira d\'observer une ancienne coutume en vertu de laquelle il doit donner LaRose, son plus jeune fils, aux parents en deuil. Une terrible décision dont Louise Erdrich, comme d’habitude, explique par de longs flash-backs, faisant remonter les raisons profondes qui animent les acteurs du roman sur plusieurs générations, mêlant passé et présent. Un beau livre en continuité avec son univers littéraire.','2018-05-12 13:57:42','Dakota du Nord, 1999. Un vent glacial souffle sur la plaine et le ciel, d\'un gris acier, recouvre les champs nus d\'un linceul. Ici, des coutumes immémoriales marquent le passage des saisons, et c\'est la chasse au cerf qui annonce l\'entrée dans l\'automne. Landreaux Iron, un Indien Ojibwé, est impatient d\'honorer la tradition. Sûr de son coup, il vise et tire. Et tandis que l\'animal continue de courir sous ses yeux, un enfant s\'effondre. Dusty, le fils de son ami et voisin Peter Ravich, avait cinq ans. Ainsi débute le nouveau roman de Louise Erdrich, couronné par le National Book Critics Circle Award, qui vient clore de façon magistrale le cycle initié avec La Malédiction des colombes et Dans le silence du vent. L\'auteur continue d\'y explorer le poids du passé, de l\'héritage culturel, et la notion de justice. Car pour réparer son geste, Landreaux choisira d\'observer une ancienne coutume en vertu de laquelle il doit donner LaRose, son plus jeune fils, aux parents en deuil. Une terrible décision dont Louise Erdrich, mêlant passé et présent, imagine avec brio les multiples conséquences. « Un récit puissamment évocateur, d\'une subtilité et d\'une grâce magistrales. » Publishers Weekly','http://books.google.com/books/content?id=6NRBDwAAQBAJ&printsec=frontcover&img=1&zoom=1&edge=curl&source=gbs_api','2018-01-17','Albin Michel','Louise Erdrich',16,'€',9782226426949,NULL),(70,13,2,'Eclairs lointains','Écrit pendant sa détention par un officier allemand prisonnier des Soviétiques, «  Éclairs lointains » retrace l\'enfer du « chaudron » de Stalingrad vu à hauteur d\'homme. Gerlach réussit son roman avec un  talent de romancier tout à fait exceptionnel. De son expérience de première main et des récits de ses compagnons de captivité, il tire une « fiction » âpre, bouleversante de crudité, de rudesse et de tendresses mêlées.\r\n « Éclairs lointains » est un roman miraculé : confisqué par les services secrets soviétiques en 1949. Gerlach réussira à le ré-écrire . Une version abrégée sera éditée en 1957. Mais à la chute du mur en 1989, le manuscrit original est retrouvé aux archives soviétiques. Un livre digne des plus grands témoignages de guerre comme ceux d’Ernst Junger de Remarque ou de Genevoix.','2018-05-12 14:00:24','Ecrit pendant sa détention par un officier allemand prisonnier des Soviétiques, Eclairs lointains retrace l\'enfer du \"chaudron\" de Stalingrad vu à hauteur d\'homme - à la hauteur de tous ces soldats, officiers et sous-officiers d\'emblée voués à l\'anéantissement. Car l\'ennemi, ce n\'est pas seulement les terribles orgues de Staline, c\'est aussi le froid, la faim, la décrépitude physique, la démoralisation, la perte de tout sentiment humain. Gerlach réussit ce tour de force d\'être à la fois dans l\'histoire immédiate, celle de la politique nazie et de ses conséquences désastreuses, et dans l\'histoire de l\'humanité : son objectif est bel et bien de dire que les hommes ne sont pas là pour s\'entre-tuer. Et il le fait avec un talent de romancier tout à fait exceptionnel. De son expérience de première main et des récits de ses compagnons de captivité, il tire une \"fiction\" âpre, bouleversante de crudité, de rudesse et de tendresse mêlées, étonnamment sensible aux beautés d\'une nature exposée aux ravages des armes.','https://www.laprocure.com/cache/couvertures/9782843378515.jpg','2017-08-31','Editions Anne Carrière','Heinrich Gerlach',NULL,NULL,9782843378515,NULL),(71,13,2,'Dans les eaux du Grand Nord','Duel implacable entre Patrick Summer, ancien chirurgien, renvoyé de l’armée des Indes, et Henry Drax, harponneur brutal et sanguinaire, dans les flancs d’un baleinier : le « Volunteer ». Dans l’hiver arctique on va retrouver l’atmosphère classique des huis clos bien rendue, les morts se succèdent et on marche aisément dans l’histoire. Mais n’est pas Jack London ou Melville qui veut ! Pourtant le livre est bien fait et se lit bien','2018-05-12 14:01:21','Patrick Sumner, un ancien chirurgien de l\'armée britannique traînant une mauvaise réputation, n\'a pas de meilleure option que d\'embarquer sur le Volunteer, un baleinier du Yorkshire en route pour les riches eaux du Grand Nord. Mais alors qu\'il espère . trouver du répit à bord, un garçon de cabine est découvert brutalement assassiné. Pris au piège dans le ventre du navire, Sumner rencontre le mal à l\'état pur en la personne de Henry Drax, un harponneur brutal et sanguinaire. Tandis que les véritables objectifs de l\'expédition se dévoilent, la confrontation entre les deux hommes se jouera dans les ténèbres et le gel de l\'hiver arctique.','https://www.actualitte.com/images/facebook/9782264069153-5959ec7e1f8bd.jpg','2017-05-04','10/18','Ian McGuire',NULL,NULL,9782264069153,NULL),(72,13,4,'La Saison des feux','Une sympathique comédie de mœurs qui se déroule à Shaker Heights, banlieue riche et tranquille de Cleveland, où  tout est soigneusement planifié pour le bonheur des résidents. Une famille exemplaire, dirigée par une femme au foyer  exemplaire Elena Richardson, va voir l’équilibre fragile et artificiel de son monde menacé par  Mia Warren, une mère célibataire et bohème, qui vient s\'installer dans cette bulle idyllique avec sa fille Pearl. Progressivement les rapports entre la jeune fille et les enfants Richardson, puis le dévoilement des secrets de famille, vont entraîner la dissolution de la façade d’harmonie familiale. Le feu couve: il va tout dévorer. Un bon thriller psychologique.','2018-05-12 14:02:59','Quand le voile des apparences ne peut être déchiré, il faut parfois y mettre le feu. À Shaker Heights, banlieue riche et tranquille de Cleveland, tout est soigneusement planifié pour le bonheur des résidents. Rien ne dépasse, rien ne déborde, à l\'image de l\'existence parfaitement réglée d\'Elena Richardson, femme au foyer exemplaire. Lorsque Mia Warren, une mère célibataire et bohème, vient s\'installer dans cette bulle idyllique avec sa fille Pearl, les relations avec la famille Richardson sont d\'abord chaleureuses. Mais peu à peu, leur présence commence à mettre en péril l\'entente qui règne entre les voisins. Et la tension monte dangereusement à Shaker Heights. Après Tout ce qu\'on ne s\'est jamais dit (Sonatine Éditions, 2016), Celeste Ng confirme avec ce deuxième roman son talent exceptionnel. Rarement le feu qui couve sous la surface policée des riches banlieues américaines aura été montré avec tant d\'acuité. Cette comédie de mœurs, qui n\'est pas sans rappeler l\'univers de Laura Kasischke, se lit comme un thriller. Avec cette galerie de portraits de femmes plus poignants les uns que les autres, c\'est aussi l\'occasion pour l\'auteur d\'un constat d\'une justesse étonnante sur les rapports sociaux et familiaux aujourd\'hui.','http://books.google.com/books/content?id=Z_RIDwAAQBAJ&printsec=frontcover&img=1&zoom=1&edge=curl&source=gbs_api','2018-04-12','Sonatine','Celeste NG',14,'€',9782355846823,NULL),(73,14,4,'Les Réponses','A 16 ans, Janie Jenkins est reconnue coupable du meurtre de sa mère, la riche héritière Marion Elsinger. Alors qu\'elle était condamnée à perpétuité elle sort de prison après 10 ans seulement, ce qui scandalise le pays.\r\nEst-elle coupable ou innocente, même Janie ne le sait pas ! Trop ivre le soir du meurtre, elle ne se souvient que des derniers mots mystérieux prononcés par sa mère.\r\nElle ne pense qu\'a une chose, trouver des réponses. Elle va traverser le pays sous une fausse identité et déguisée pour échapper à \"la chasse aux sorcières\" dont elle est la victime et essayer de comprendre qui était réellement sa mère...\r\n\r\nUn policier plein de rebondissement, d\'humour, de cynisme, un bon moment de lecture pour ce premier roman.','2018-05-12 14:04:30','Elle a tout: l\'argent, la célébrité, le glamour... et une condamnation pour meurtre ! Après un procès qui a passionné l\'Amérique, la jeune Janie Jenkins est reconnue coupable de l\'assassinat de sa mère, la très fortunée et très mystérieuse Marion Dressner. Dix ans plus tard, le procès est révisé en appel, la libération de Janie scandalise le pays, convaincu de la culpabilité de la riche héritière. Janie est-elle coupable ou innocente ? Elle-même n\'en a pas la moindre idée. Trop ivre la nuit du meurtre, elle n\'a plus aucun souvenir de ses faits et gestes. Ne lui reste en mémoire que les deux derniers mots prononcés par sa mère, deux mots mystérieux qui vont la conduire à aller chercher les réponses à toutes les questions qu\'elle se pose dans une petite ville du Middle West. Rares sont les auteurs de thrillers qui dès les premières pages capturent à ce point l\'attention du lecteur pour ne plus la lâcher. Avec son premier roman, et une héroïne à laquelle on s\'attache instantanément, Elizabeth Little réussit cet exploit et rejoint d\'emblée le club très fermé des S.J. Watson, Harlan Coben, Mo Hayder et autres Gillian Flynn. Faisant preuve d\'un sens du suspense impressionnant, elle nous offre ainsi une intrigue machiavélique, proprement addictive, doublée d\'une réflexion passionnante sur les travers de notre société.','http://books.google.com/books/content?id=50rnBgAAQBAJ&printsec=frontcover&img=1&zoom=1&edge=curl&source=gbs_api','2015-03-12','Sonatine','Elizabeth LITTLE',21,'€',9782355843457,NULL),(74,15,4,'Le Détroit du loup','Après \"Le dernier Lapon\" il y a 2 ans, on retrouve la patrouille P9 de la Police des rennes avec Klemet et Nina. Leur enquête débute cette fois-ci en plein printemps (jusqu\'à 22h d\'ensoleillement !). Conflits entre éleveurs, pression immobilière, concurrence pour l\'exploitation des forages marins de pétrole, choc entre l\'industrialisation à outrance et les traditions.\r\nLa nature et l\'action de l\'homme sur la terre sont des thèmes chers à Olivier Truc. Les meurtres et accidents en tout genre (un peu trop peut-être dans cet opus) sont des prétextes pour dénoncer ces dérives.\r\nUn très bon moment de lecture.','2018-05-12 14:06:23','Le printemps dans le Grand Nord, une lumière qui obsède, une ombre qui ne vous lâche plus. À Hammerfest, petite ville de l’extrême nord de la Laponie, au bord de la mer de Barents, le futur Dubai de l’Arctique, tout serait parfait s’il n’y avait pas quelques éleveurs de rennes et la transhumance... Là, autour du détroit du Loup, des drames se nouent. Alors que des rennes traversent le détroit à la nage, un incident coûte la vie à un jeune éleveur. Peu après, le maire de Hammerfest est retrouvé mort près d’un rocher sacré. Et les morts étranges se succèdent.','http://books.google.com/books/content?id=VYhVBAAAQBAJ&printsec=frontcover&img=1&zoom=1&edge=curl&source=gbs_api','2014-09-11T00:00:00+','Anne-Marie Métailié','Olivier Truc',7,'€',9791022601283,NULL),(75,14,4,'Miséricorde','Carl Morck, flic que l\'on a un peu mis sur la touche, et Hafez El Assad, assistant syrien un peu comique, constituent l\'équipe du Département V. Ce département de la police se charge des affaires non résolues, classées par la police.\r\nLes deux hommes vont s\'intéresser, dans cette première enquête, à l\'affaire Merete Lyyngaard. Merete est une jeune femme à l\'avenir politique prometteur qui a disparue cinq ans auparavant sur un ferry.\r\nPourquoi se retrouve-t-elle à croupir dans une cage depuis tant d\'années ? Qui sont ses bourreaux et que veulent-ils ?\r\n\r\nUn thriller haletant et des personnages bien sympathiques...','2018-05-12 14:07:22','Pourquoi Merete Lyyngaard croupit-elle dans une cage depuis des années ? Pour quelle raison ses bourreaux s\'acharnent-ils sur la jeune femme ? Cinq ans auparavant, la soudaine disparition de celle qui incarnait l\'avenir politique du Danemark avait fait couler beaucoup d\'encre. Mais, faute d\'indices, la police avait classé l\'affaire. Jusqu\'à l\'intervention des improbables Carl Mørck et Hafez el Assad du Département V, un flic sur la touche et son assistant d\'origine syrienne. Pour eux, pas de cold case... Couronné par les prix scandinaves les plus prestigieux, de La Clé de Verre aux Golden Laurels des libraires, le thriller de Jussi Adler-Olsen, première enquête de l\'inspecteur Mørck, est un véritable phénomène d\'édition mondial. « Un thriller puissant, dérangeant. Un talent aussi impressionnant que déstabilisant. » The Independent « On y retrouve tout ce qu\'adorent les fans du polar scandinave. » The Guardian','http://books.google.com/books/content?id=0Oc0aHBNVwcC&printsec=frontcover&img=1&zoom=1&edge=curl&source=gbs_api','2011-10-05','Albin Michel','Jussi Adler-Olsen',9,'€',9782226261380,NULL),(76,14,4,'Heather Mallender a disparu','Harry Barnett est le gardien de la maison de vacances d\'un homme politique anglais sur l\'île de Rhodes.\r\nQuand vient séjourner Heather Mallender, une amie de l\'homme politique, Harry se doit de lui faire visiter les environs. Mais au cours d\'une balade en montagne la jeune femme ne redescend pas... A-t-elle été assassinée ou kidnappée ?\r\nAlors qu\'au premier abord tout accuse Harry Barnett, il est rapidement libéré faute de preuves. Mais l\'homme décide de mener l\'enquête par lui-même avec un point de départ : 24 photos prises par la jeune femme avant son départ d\'Angleterre...','2018-05-12 14:08:15','Après Par un matin d\'automne, le nouveau thriller de Robert Goddard. Indispensable. Quinquagénaire alcoolique et désenchanté, Harry Barnett vit depuis de nombreuses années sur l\'île de Rhodes, où il s\'occupe de la villa d\'un de ses amis, un homme politique anglais. Quand Heather Mallender arrive à la villa pour se remettre d\'un drame personnel, Harry est vite attiré par la jeune femme. Mais, lors d\'une balade en montagne, tout bascule : Heather disparaît sans laisser de traces et Harry est soupçonné par la police grecque de l\'avoir assassinée. Devant l\'absence de preuves, il est laissé en liberté. Avec une question qui ne cesse de l\'obséder : qu\'est-il arrivé à Heather ? Harry décide alors de mener l\'enquête à partir de sa seule piste : les vingt-quatre dernières photos prises par la jeune femme avant de disparaître. Cliché après cliché, il va ainsi tenter de reconstituer les dernières semaines de la vie de celle-ci, entre la Grèce et l\'Angleterre. Mais plus il apprend de choses sur Heather, sur son passé et sa vie, et plus le mystère s\'épaissit. Dans une atmosphère mystérieuse et envoûtante, qui n\'est pas sans évoquer l\'univers de Douglas Kennedy ou celui d\'Elizabeth George, Robert Goddard mène d\'une main de maître une intrigue foisonnante et nous offre un nouveau chef-d\'œuvre à l\'épaisseur romanesque exceptionnelle et au suspense omniprésent. Robert Goddard a publié vingt et un romans depuis 1986. Longtemps souterraine, son œuvre vient d\'être redécouverte en Angleterre et aux États-Unis, où elle connaît un succès sans précédent. Après Par un matin d\'automne (2010), Heather Mallender a disparu, publié une première fois par Belfond en 1993 sous le titre Les Ombres du passé, est le deuxième ouvrage de Robert Goddard à paraître chez Sonatine Éditions. À propos de Par un matin d\'automne : \" Vous faites partie de ces lecteurs de thrillers perspicaces qui trouvent toujours la solution du mystère avant la fin ? Robert Goddard est votre dernier recours. \" The Time','http://books.google.com/books/content?id=QdPT96tYl-wC&printsec=frontcover&img=1&zoom=1&edge=curl&source=gbs_api','2012-04-12','Sonatine','Robert GODDARD',9,'€',9782355841477,NULL),(77,15,4,'La maison de fer','Ca commence comme un banal règlement de compte entre lieutenants de la pègre new-yorkaise mais la suite surprend le lecteur en mêlant complot, enfance bafouée, chantage, meurtres, politique, violence, sang... bref un cocktail détonnant mais servi par des personnages attachants et une intrigue bien ficelée.','2018-05-12 14:08:50','Au foyer pour garçons d’Iron Mountain, il n’y avait que du temps. Du temps à tuer, le temps pour deux jeunes orphelins d’apprendre que la vie ne se gagne pas sans combat. Julian ne survit que grâce au courage de Michael, son grand frère, farouchement protecteur. Lorsqu’il s’enfuit de l’orphelinat, Michael gravit les échelons dans la grande famille du crime organisé de New York. Deux décennies plus tard, il est désormais un prince de la rue tellement redouté qu’il n’a même plus à tuer pour se faire respecter. Mais la vie qu’il s’est construite à force de lutter se délite lorsqu’il rencontre la belle et innocente Elena, qui l’initie au pouvoir de l’amour. Avec elle, il veut repartir de zéro, il tient enfin la chance de fonder une famille telle que Julian et lui n’en ont jamais eue. Mais ce n’est pas lui tire les ficelles. Si Michael a obtenu la bénédiction de son chef pour changer de vie, celui-ci est mourant, et son fils a l’intention de faire payer à Michael ce qu’il considère comme une trahison. Pour mieux protéger la femme qu’il aime et qui ne sait rien de son passé criminel, Michael tente d’éloigner Elena du danger qu’il a amené jusque devant sa porte. Ils se réfugient en Caroline du Nord, où vit à présent son frère perdu il y a si longtemps. Là, une tourmente de mystères et de violences emportera inexorablement Michael vers le lieu qu’il a fui toute sa vie durant : la Maison de fer. Voici le quatrième roman de John Hart, un thriller haletant qui prend aux tripes et qu’aucun lecteur ne sera près d’oublier. Traduit de l’anglais par Valérie Rosier','http://books.google.com/books/content?id=4DjYCwAAQBAJ&printsec=frontcover&img=1&zoom=1&edge=curl&source=gbs_api','2016-04-06','JC Lattès','John Hart',7,'€',9782709657877,NULL),(78,14,4,'Les Visages','Ethan Muller est un galériste new-yorkais de renom. Un jour, une de ses connaissances lui propose de venir expertiser des centaines de dessins trouvés dans des cartons abandonnés par un ancien locataire.\r\nCes dessins magnifiques représentent des portraits d\'enfants. Ne retrouvant pas leur auteur, Ethan décide de les exposer dans sa galerie et obtient un beau succès. Mais quand un policier à la retraite y reconnait des enfants tués il y a plusieurs années et dont l\'assassin n\'a jamais été arrêté, ces dessins prennent une toute autre signification.\r\nQui est leur auteur ? As-t-il un lien avec les meurtres ?','2018-05-12 14:09:42','Après Un sur deux de Steve Mosby, après Seul le silence de R. J. Ellory, Les Visages de Jesse Kellerman... \" Un thriller qui s\'empare de votre esprit et vous laisse à la fin complètement stupéfait. L\'art de Jesse Kellerman est tel qu\'on pourrait presque parler d\'autohypnose. \" The New York Times \" Une écriture remarquable, une tension maximale, un roman obsédant. Le meilleur thriller de l\'année. \" The Guardian \" Jesse Kellerman resserre lentement autour de nos gorges un nœud coulant qui finit littéralement par nous couper le souffle. On ne rencontre pas tous les jours un talent de cette ampleur. \" Harlan Coben Lorsque Ethan Muller met la main sur une série de dessins d\'une qualité exceptionnelle, il sait qu\'il va enfin pouvoir se faire un nom dans l\'univers impitoyable des marchands d\'art. Leur mystérieux auteur, Victor Crack, a disparu corps et âme, après avoir vécu reclus près de quarante ans dans une maison délabrée. Dès que les dessins sont rendus publics, la critique est unanime : c\'est le travail d\'un génie. Mais les ennuis commencent lorsqu\'un flic à la retraite reconnaît sur certains portraits les visages d\'enfants victimes des années plus tôt d\'un mystérieux tueur en série. Ethan va alors se lancer dans une enquête qui va bien vite virer à l\'obsession.C\'est le début d\'une spirale infernale à l\'intensité dramatique et au coup de théâtre final dignes des plus grands thrillers. Premier roman traduit en France de Jesse Kellerman, Les Visages se place d\'emblée au niveau des plus grands livres du genre, que ce soit Ne le dis à personne d\'Harlan Coben ou L\'Analyste, de John Katzenbach. Jesse Kellerman est né en 1978. Il est le fils des écrivains Jonathan et Faye Kellerman. Les Visages est son premier roman publié en France. \" Jesse Kellerman a un véritable don. La qualité de son style n\'a guère d\'équivalent dans le monde du thriller, ses personnages sont poignants et son sens de la construction si génial qu\'après l\'ultime rebondissement une seconde lecture s\'impose pour voir à quel point il nous a manipulé. \" Bookreporter','http://books.google.com/books/content?id=TVsXAAAAQBAJ&printsec=frontcover&img=1&zoom=1&edge=curl&source=gbs_api','2013-07-25','Sonatine','Jessee KELLERMAN',NULL,NULL,9782355842184,NULL),(79,14,4,'Little Bird','Walt Longmire, shérif du comté d\'Absaroka dans le Wyoming depuis une vingtaine d\'années, finie sa carrière tranquillement entre problème de circulation et animaux morts sur le bord de la route.\r\nMais le corps de Cody Pritchard est retrouvé près de la réserve cheyenne. Quelques années auparavant Cody et trois autres adolescents avaient été accusés et reconnus coupable du viol d\'une jeune indienne, Melissa Little Bird.\r\nAccident de chasse ou vengeance ? C\'est ce que va devoir déterminer Walt Longmire, avec tout son humour il va devoir désamorcer les tensions revenues entre les deux communautés.\r\n\r\nD\'autres aventures de Walt Longmire sont disponible...','2018-05-12 14:10:14','Après vingt-quatre années passées au bureau du shérif du comté d\'Absaroka, dans le Wyoming, Walt Longmire aspire à finir sa carrière en paix. Ses espoirs s\'envolent quand on découvre le corps de Cody Pritchard près de la réserve cheyenne. Deux années auparavant, Cody avait été un des quatre adolescents condamnés avec sursis pour le viol d\'une jeune indienne, Melissa Little Bird, un jugement qui avait avivé les tensions entre les deux communautés. Aujourd\'hui, il semble que quelqu\'un cherche venger la jeune fille. Alors que se prépare un violent blizzard, Walt devra parcourir les vastes étendues du Wyoming sur la piste d\'un assassin déterminé à parvenir à ses fins.Avec ce premier volet des aventures du shérif mélancolique et désabusé, Walt Longmire, Craig Johnson s\'impose d\'emblée parmi les plus grands.','http://books.google.com/books/content?id=fHswCwAAQBAJ&printsec=frontcover&img=1&zoom=1&edge=curl&source=gbs_api','2015-12-15T00:00:00+','Éditions Gallmeister','Craig Johnson',6,'€',9782404000763,NULL),(80,14,4,'Le tailleur de pierre','Un matin en relevant ses casiers, un pêcheur trouve le cadavre d\'une petite fille. Patrick Hedström, policier nouvellement papa, reconnaît rapidement le corps de la petite Sara, 7 ans, fille de la meilleure amie de sa femme Erica.\r\nTout semble faire croire à une noyade accidentelle jusqu\'à ce que l\'autopsie révèle que l\'eau retrouvée dans les poumons de Sara est de l\'eau douce et savonneuse...\r\nEntre rumeurs et règlement de compte entre voisins, la petite ville de Fjâllbacka n\'est finalement pas si paisible.\r\n\r\nAvec un sujet difficile, le meurtre d\'un enfant, Camilla Läckberg nous emmène tout en finesse dans la troisième aventure de Patrick et Erica Hêdström. Nul besoin d\'avoir lu les deux premiers tomes (La Princesse des Glaces et Le Prédicateur) pour se plonger dans cette enquête (ma préférée) bien que cela vaut le coup de commencer par le début, les personnages n\'en sont que plus attachants.','2018-05-12 14:10:43','Un pêcheur de Fjällbacka trouve une petite fille noyée. Le problème est que Sara, sept ans, a dans les poumons de l\'eau douce savonneuse. Quelqu\'un l\'a donc tuée et déshabillée avant de la balancer à la mer.','http://books.google.com/books/content?id=-Jz13BfgYJcC&printsec=frontcover&img=1&zoom=1&edge=curl&source=gbs_api','2011-10-17T00:00:00+','Éditions Actes Sud','Camilla Läckberg',9,'€',9782742798223,NULL),(81,14,5,'Le carnet rouge','J\'aime l\'écriture de cette auteure, fluide et intense. Une histoire touchante sur la recherche des origines et sur une culture que je ne connaissais pas.\r\nA découvrir aussi \"Sweet Sixteen\", \"Là où naissent les nuages\", \"Refuges\"...','2018-05-12 14:16:07','Je m\'appelle Marie et j\'ai 16 ans. Si on s\'était rencontrés la semaine dernière, je me serais présentée comme une lycéenne ordinaire, vivant avec sa mère dans la banlieue de Lille. Vous m\'auriez alors demandé d\'où me venaient ces cheveux et ces yeux si sombres. Je vous aurais répondu que j\'avais du sang népalais. Vous auriez attendu la suite. Mais je ne sais rien de mes origines, ma mère a toujours refusé d\'en parler. Aujourd\'hui, tout a changé. Entre les pages d\'un mystérieux carnet rouge, je viens de découvrir une vérité que je n\'aurais jamais pu imaginer.','http://books.google.com/books/content?id=oEshOL-V81gC&printsec=frontcover&img=1&zoom=1&edge=curl&source=gbs_api','2011-09-30T00:00:00+','Casterman Jeunesse','Annelise Heurtier',5,'€',9782203054455,NULL),(82,15,5,'La coloc','Dès qu’un livre de cet auteur paraît, je me précipite car je sais que je vais y faire la connaissance de personnages que je ne voudrais plus quitter. C’est encore le cas avec ce roman « pour ados » que je n’ai pas lâché.\r\n\r\nLe propos de départ peut sembler classique : Romain, le narrateur, voudrait ressembler à Maxime, le garçon le plus populaire du lycée. Aussi, quand la grand-mère décède en laissant un grand appartement à vingt minutes du lycée alors qu’il doit faire une heure de bus tous les matins et tous les soirs, Romain propose à ses parents d’en faire une colocation.\r\n\r\nIl s’imagine quelque chose de « flamboyant », quelque chose qui rende jaloux les autres lycéens, qui fasse que les filles s’intéressent à lui… L’idée lui semble moins géniale quand sa mère lui présente son premier colocataire : Rémi, LE geek du bahut, la personne la plus transparente qu’il connaisse après lui-même. Mais le troisième larron ne sera autre que Maxime !\r\n\r\nEt là, les choses sérieuses vont commencer : répartition des tâches, ménage, soirées, courses, devoirs, rencontres, indépendance, amitiés, conflits, bref la vie.\r\n\r\nLa vie qui va se charger d’enseigner à Romain que « tout est moins tranché qu’on l’imagine », que le garçon populaire n’est pas forcément si bien dans sa peau, que Rémi ne passe pas forcément son temps devant son ordinateur, que finalement ces simples colocataires vont devenir beaucoup plus.\r\n\r\nA lire à partir de 14 ans (et même si on n’est plus un ado depuis longtemps…)','2018-05-12 14:16:58','Les parents de Romain ont hérité d\'un grand appartement situé dans la ville de son lycée. Ils hésitent à le vendre ou le louer. L\'adolescent y voit un coup de pouce du destin : et si c\'est lui qui l\'habitait, moyen d\'en finir avec les longs trajets en car entre le domicile familial et son bahut ? ! Les parents se laissent convaincre et il faut alors trouver deux autres co-locataires. Une année pleine de changements s\'ouvre pour Romain, entre émancipation, amitié et contraintes de la vie en communauté.','http://books.google.com/books/content?id=lvbXBgAAQBAJ&printsec=frontcover&img=1&zoom=1&edge=curl&source=gbs_api','2015-03-18T00:00:00+','Éditions Actes Sud','Jean-Philippe Blondel',9,'€',9782330049775,NULL),(83,15,5,'Western Girl','Trois semaines dans un ranch du Middle West américain ! Tout ce dont rêve Elise depuis ses 6 ans, depuis qu\'elle a mis les pieds dans un Buffalo grill !\r\nEquitation, bottes à franges, chemise à carreaux et musique country au quotidien. Mais il faut aussi composer avec la bande de frenchies qui l\'accompagne...','2018-05-12 14:18:37','Elise a deux passions : l’équitation et la musique country. Aussi, quand ses parents lui offrent trois semaines dans un ranch du Middle-West, c’est le rêve américain qui s’offre à elle. Mais la douzaine de jeunes qui partagent le voyage vont vite le lui gâcher. Ces snobinards parisiens la traitent comme une pestiférée et lui font subir humiliations et moqueries... simplement parce qu’elle ne leur ressemble pas. Et peut-être aussi par jalousie amoureuse ? Dans ce nouveau roman, Anne Percin nous offre un pachtwork formidable qui mêle amour des chevaux, fascination pour les grands espaces américains... et véritable d’histoire d’amour où le garçon le plus riche tombe amoureux de la plus pauvre ! Après sa série culte, Anne Percin donne vie à une adolescente formidable dont on dévore le journal de bord américain avec jubilation. Les jeunes adolescentes vont ADORER.','http://books.google.com/books/content?id=iP5jZvbjh28C&printsec=frontcover&img=1&zoom=1&edge=curl&source=gbs_api','2013-03-13T00:00:00+','Éditions du Rouergue','Anne Percin',9,'€',9782812605253,NULL),(84,14,5,'Les orphelins du temps','Une série qui mêle science fiction et Histoire, 4 tomes parus pour le moment.','2018-05-12 14:20:03','Treize ans plus tard, Jonah et son voisin Chip reçoivent d\'intrigantes lettres anonymes : \" Tu fais partie des disparus \" ; \" Attention ! Ils reviennent te chercher \". Ces lettres auraient-elles un rapport avec leur adoption ? Katherine, la petite soeur de Jonah, les aide à mener l\'enquête. Les trois adolescents se retrouvent très vite au coeur d\'une bien étrange aventure où les agents du FBI se comportent comme des trafiquants, où les gens disparaissent pour mieux réapparaître... Et s\'il était possible de voyager dans le temps ?','https://images-na.ssl-images-amazon.com/images/I/51XqWHkzmaL._SX343_BO1,204,203,200_.jpg','2009-05-13','Toucan Jeunesse','Margaret Peterson Haddix',NULL,NULL,9782810002832,NULL),(85,14,5,'La Décision','Un matin en cours de maths, Louise, brillante élève de Terminale, ne se sent pas bien. Elle sort de la classe accompagnée d\'un camarade pour se rendre aux toilettes où quelques minutes plus tard elle accouche d\'un petit garçon qu\'elle n\'attendait et ne désirait absolument pas.\r\nComment accepter cet enfant ? Que s\'est-il passé ? Pourquoi personne n\'a rien vue ?\r\nLouise va devoir découvrir la vérité et réapprendre à vivre. En se coupant de sa famille et des ses amis qui la regarde desormais autrement, elle devra prendre sa décision.','2018-05-12 14:20:58','Un roman inlâchable et bouleversant. \'J\'ai voulu écrire cette histoire contre les évidences, contre nos idées toutes faites, mefforcer de mettre en mots des silences insenses, admettre la puissance de l\'inconscient\' Isabelle Pandozopoulos.','http://books.google.com/books/content?id=XwaYCwAAQBAJ&printsec=frontcover&img=1&zoom=1&edge=curl&source=gbs_api','2016-03-03T00:00:00+','Gallimard Jeunesse','Isabelle Pandazopoulos',5,'€',9782075063500,NULL),(86,14,5,'Comment (bien) rater ses vacances','Ce roman se lit d\'une traite tant le personnage et sa façon de raconter ses vacances sont attachants. Un régal.','2018-05-12 14:22:23','Pour échapper aux vacances en famille, Maxime choisit de les passer avec sa grand-mère, dans son pavillon du Kremlin (-Bicêtre). Il avait tout prévu pour couler des jours tranquilles devant son ordi... sauf la crise cardiaque de sa grand-mère. Le voilà seul pendant son hospitalisation, et les vacances vont se transformer en feuilleton délirant !','http://books.google.com/books/content?id=y_n2sQX-aWsC&printsec=frontcover&img=1&zoom=1&edge=curl&source=gbs_api','2011-09-01T00:00:00+','Éditions du Rouergue','Anne Percin',9,'€',9782812602771,NULL),(87,15,5,'Bal de givre à New York','La rencontre entre Anna, fille d\'un célèbre architecte et Wynter, fils de la famille la plus puissante de New-York débouche sur une romance qui séduira les midinettes dont je fais partie... Pourtant on est vite troublé par de menus détails (un majordome sans bras télékinésiste, un mystérieux Masque kidnappeur, une architecture futuriste, une atmosphère étrange...) à l\'instar de l\'héroïne. La clé réside dans le dernier chapitre... On se demande sans cesse comment cela va finir, si la fin sera à la hauteur... et elle l\'est !','2018-05-12 14:22:50','Anna Claramond ne se souvient plus de rien. Seul son nom lui est familier. La ville autour d\'elle est blanche, belle, irréelle. Presque malgré elle, la jeune fille accepte l\'aide du beau Wynter, l\'héritier d\'une puissante dynastie. Bal de rêve et cadeaux somptueux se succèdent avec lui mais Anna sent que quelque chose ne va pas. Qu\'elle est en danger. De plus, des indices et des messages sont semés à son attention par l\'insaisissable Masque, un fugitif recherché. Qui est son ennemi, qui est son ami ? Anna sait qu\'elle doit se souvenir. Mais que lui réservera sa mémoire une fois retrouvée ?UN ROMAN COUP DE C UR RTL','http://books.google.com/books/content?id=1AbGg5OxjKYC&printsec=frontcover&img=1&zoom=1&edge=curl&source=gbs_api','2011-01-05','Albin Michel','Fabrice Collin',8,'€',9782226224132,NULL),(88,15,5,'Vango','L\'auteur de Tobie Lolness nous raconte l\'histoire de Vango, un jeune garçon qui tente d\'échapper à une accusation de meurtre. Cet enfant a un destin hors du commun. Suite à un naufrage, il a grandi dans une île du sud de l\'Italie; il a découvert les Etats-Unis en ballon dirigeable, passe son temps à escalader les toits de Paris et fascine tous ceux qui l\'approchent. Entre ses alliés, ses ennemis et la police, le lecteur est emporté dans une aventure haletante à travers l\'Europe et l\'histoire de l\'entre-deux-guerres. Grâce à un sens aigu du suspens et de l\'intrigue, l\'auteur nous livre une \"saga qui emporte le lecteur, mais qui laisse chez lui des traces.\"\r\nA ne pas louper !','2018-05-12 14:23:56','Sur les toits, en bateau, en train, en zppelin, la quête haletante d\'un héros libre et attachant. Un grand roman d\'aventures par l\'auteur de \'Tobie Lolness\'.','http://books.google.com/books/content?id=cU96CgAAQBAJ&printsec=frontcover&img=1&zoom=1&edge=curl&source=gbs_api','2015-08-20T00:00:00+','Gallimard Jeunesse','Timothée de Fombelle',7,'€',9782075060509,NULL),(89,14,6,'L\'arbre d\'Albert','Albert aime son arbre, il passe une bonne partie de sa journée sur sa branche. Mais un jour, il entend pleurer. Mais pourquoi l\'arbre est triste ? \r\nUn album tout doux à partir de 3 ans.','2018-05-12 14:25:15','L\'arbre préféré d\'Albert n\'arrête pas de pleurer. Mais pour quelle raison ? Albert réussira-t-il à le consoler ?','https://www.ecoledesloisirs.fr/sites/default/files/couverture/9782877678889.jpg','2016-03-23',NULL,'Jenni Desmond',NULL,NULL,9782877678889,NULL),(90,14,6,'Gilbert, intrépide nuage de mer','Gilbert est un petit nuage qui fait la pluie et le beau temps au bord de la mer. Mais un jour il est intrigué par un nuage noir qui semble apprivoisé par une voiture, il décide de le suivre. Mais voilà Gilbert capturé et exposé comme une oeuvre d\'art, posé sur une étagère puis abandonné sur un trottoir. Seul un petit garçon comprendra le besoin de liberté de ce petit nuage.\r\nUn personnage original accompagné par les doux dessins d\'Amélie Jackowski.','2018-05-12 14:27:58','Gilbert est un nuage heureux. Entouré de ses amis et des goélands, il mène une vie paisible au bord de la mer... Mais un jour, il tombe nez à nez avec un drôle de nuage noir. Intrigué, il se lance à la poursuite de ce curieux copain qui zigzague à toute allure sur un chemin. Et là... Zip, clac, zou ! Gilbert se fait capturer. En deux temps, trois mouvements, il se retrouve sur l’étagère d’un marchand sans scrupules qui l’expédie à l’autre bout du monde chez un riche collectionneur. Dans la grande ville, Gilbert fait sensation : ce véritable nuage de mer élevé en plein air est une vraie rareté que l’on s’empresse de mettre sous cloche ! Mais dans la grande ville, une curiosité chasse l’autre et le pauvre Gilbert passe de main en main pour finir abandonné sur un trottoir... Il faudra tout le bon sens d’un petit garçon aux pieds nus pour que Gilbert retrouve sa liberté et son rôle de nuage : faire la pluie et le beau temps.','https://img.livraddict.com/covers/155/155498/couv43946932.jpg','2013','Belin Jeunesse','Gwendoline Raisson',NULL,NULL,9782701176345,NULL),(91,15,6,'Cache-Lune','Timoléon vient d\'être désigné comme nouveau cache-lune mais il perd la pilule qui peut le rendre plus léger que l\'air ! Heureusement tous les villageois vont l\'aider ! \r\nUn magnifique album.','2018-05-12 14:29:33','Timoléon vient d\'obtenir son diplôme de Cache-Lune. Cette profession très rare consiste à étendre chaque nuit un grand drap devant la Lune pour cacher une partie de sa lumière. C\'est un travail très important car les croissants de Lune ainsi formés embellissent le ciel et rythment le temps. Seulement voilà, le jeune garçon a égaré la pilule qui rend léger comme l\'air ! dans ces conditions, comment se rendre sur la Lune pour succéder au vieux Zamoléon qui va prendre sa retraite ? Aidé de tous ses compagnons, Timoléon a une nuit pour trouver une solution...','http://books.google.com/books/content?id=aejNHAAACAAJ&printsec=frontcover&img=1&zoom=1&source=gbs_api','2002-10-01','Gautier Languereau','Eric Puybaret',NULL,NULL,9782013909662,NULL),(92,16,6,'Rien n\'est plus beau...','Carambolages d\'images, farandole folle de mots.\r\nTélescopage joyeux d\'images et de mots, rien n\'est plus beau que ces poèmes inattendus qui chuchotent des rimes ensorcelantes dont les dessins de Vanessa Hié prolongent la magie. Un album qui est, en quelque sorte, \"mon premier livre de poésie\".\r\nA découvrir à partir de 4 ans.','2018-05-12 14:31:12','Si j\'énumère tout ce que je trouve de plus beau, de plus effrayant, de plus grand, de plus petit, de plus chaud, de plus froid... que je mélange ensuite tout ça à ma façon, j\'obtiens de drôles, tendres et joyeux poèmes. Rien n\'est plus beau... qu\'un méli-mélo d\'images et de mots.','https://images-na.ssl-images-amazon.com/images/I/41pOHItBwEL._SX258_BO1,204,203,200_.jpg','2006','Actes Sud Junior','Armelle Barnier',NULL,NULL,9782742758555,NULL),(93,15,6,'L\'épouvantail qui voulait voyager','Un vieil épouvantail se sent très seul et inutile, même les oiseaux n\'ont plus peur de lui. Sont plus grand rêve serait de voyager même si c\'est juste au-delà de la colline. Un matin des milliers d\'oiseaux l\'emmène loin de son champ...\r\nBeaucoup de sérenité et de douceur se dégagent de ce très beau texte. Beaucoup de poésie aussi dans les illustrations.','2018-05-12 14:33:53','Le vieil épouvantail se sent si seul, qu\'il pleure. Le vieil épouvantail se sent si inutile, qu\'il pense ne plus avoir d\'amis. Personne qui pourrait l\'aider à se promener, juste de l\'autre côté de la colline, lui qui n\'a jamais bougé de son champ... Mais au matin d\'un jour de printemps, deux cent mille oiseaux l\'emmènent pour un voyage extraordinaire...','https://images-na.ssl-images-amazon.com/images/I/510GV10cSUL._SX258_BO1,204,203,200_.jpg','2006','Flammarion','Hubert Ben Kemoun',NULL,NULL,9782081627970,NULL),(94,13,3,'Le Syndrome de l\'autruche','Un essai parmi les plus stimulants que j’ai pu lire sur l’écologie, bien que  ce soit une approche très américaine. George Marshall propose une nouvelle approche à l\'une des plus épineuses questions de notre temps : alors que le réchauffement climatique se manifeste par un nombre croissant de signaux, comment se fait-il que nous puissions encore ignorer son impact sur notre planète ? Il montre chapitre après chapitre que nos valeurs, nos opinions, nos préjugés ont leur vie propre. Par le biais d\'histoires vécues, Marshall soutient que ce qui nous amène à nier notre responsabilité dans les changements climatiques repose sur la manière dont nos cerveaux sont formatés. Chaque chapitre abordant ce que l’on appelle un biais cognitif, ils peuvent se lire dans le désordre indépendamment les uns des autres, ce qui en rend l’approche très facile.','2018-05-12 14:35:47','Dans cet essai, le sociologue et philosophe américain George Marshall propose une nouvelle approche à l’une des plus épineuses questions de notre temps : alors que le réchauffement climatique se manifeste par un nombre croissant de signaux, comment se fait-il que nous puissions encore ignorer son impact sur notre planète ? Il a découvert que nos valeurs, nos opinions, nos préjugés ont leur vie propre. Par le biais d’histoires vécues et sur la base de longues années de recherches, Marshall soutient que ce qui nous amène à nier notre responsabilité dans les changements climatiques repose sur la manière dont nos cerveaux sont formatés. Après avoir assimilé ce qui stimule et menace notre intellect et nos motivations, l’auteur nous amène à envisager le changement climatique comme un problème soluble.','http://books.google.com/books/content?id=ZHw2DwAAQBAJ&printsec=frontcover&img=1&zoom=1&edge=curl&source=gbs_api','2017-10-11T00:00:00+','Éditions Actes Sud','George Marshal',17,'€',9782330091125,NULL),(95,13,3,'Le Mythe des énergies renouvelables','En juin 2015, dans un rapport officiel, Mme Corinne Lepage, ancienne ministre de l\'environnement, écrivait : \"En 2014, l\'énergie solaire représente 10% de l\'électricité du monde.\" En réalité, la part du solaire dans l\'énergie du globe était en 2014 de 0,8%, soit une erreur de 1 à 13... C’est là un petit échantillon des torrents de fausses affirmations et d’approximations  lancées régulièrement par des écologistes, sans doute animés par de bonnes intentions, mais quand même ! Quand Nicolas Hulot affirme qu’il faut « avoir la foi  dans les énergies renouvelables », on peut légitiment se demander  si la foi peut appuyer les milliards investis dans des projets inutiles. Après avoir remis  les pendules à l’heure et précisé les concepts utilisés, l’auteur étudie des pays plus avancés que la France dans la transition énergétique (Allemagne, Suède, Danemark, Espagne …). Il montre le coût prohibitif payé par ces pays pour un résultat très douteux. En fait, tant que nous ne trouverons pas de moyen pour stocker l’électricité (peut-être demain, peut-être dans cinquante ans, peut-être jamais), il n’y aura pas de véritable énergie renouvelable. Très bon sujet de réflexion et livre facile d’accès.','2018-05-12 14:36:31','En juin 2015, dans son rapport officiel remis à la ministre de l’environnement, Mme Corinne Lepage, elle-même ancienne ministre, écrivait : « En 2014, l’énergie solaire représente 10% de l’électricité du monde. » En réalité, la part du solaire dans l’énergie du globe était en 2014 de 0,8%, soit une erreur de 1 à 13... Quant au nouveau ministre de l’environnement, Nicolas Hulot, il affirme de son côté « qu’il faut avoir une foi absolue dans les énergies renouvelables. » A contrario, ce livre propose une étude sérieuse et scientifique des réalités actuelles en matière d’énergies renouvelables.. Il se fonde sur les résultats officiels et chiffrés des douze pays précurseurs, parmi lesquels l’Allemagne, l’Espagne, le Danemark ou l’Italie, qui tous ont mis en œuvre depuis plus d’une décennie des programmes d’investissements massifs dans ce domaine. Et le résultat n’est guère encourageant, ni pour l’environnement, ni pour l’économie, ni pour le contribuable. Au final, les réalités concrètes et chiffrées indiquent des choix stratégiques clairs pour la France...qui ne seront sans doute pas suivis tant que dans ce domaine, la « religion » prendra le pas sur la raison.','http://books.google.com/books/content?id=g141DwAAQBAJ&printsec=frontcover&img=1&zoom=1&edge=curl&source=gbs_api','2017-09-27','L\'artilleur','Rémy Prud\'homme',9,'€',9782810007929,NULL),(96,13,3,'Qu\'ont-ils fait du bouddhisme ?','L’auteur rappelle la trajectoire qui a amené le bouddhisme asiatique traditionnel  à devenir ce produit sécularisé qu’est le « bouddhisme moderne ». Ce bouddhisme occidental est une création assez artificielle, qui se moque des concepts originaux et  de la religion originelle et nous sert à résoudre nos propres problèmes religieux et psychologiques. Les notions de « méditation » de « pouvoirs surnaturels », d’ « expérience mystique » sont complètement retravaillées pour ne pas dire trahies, par les nouveaux « sages » européens ou américains.  Elle critique également le rôle parfois ambigu de personnalités médiatiques comme Sogyal Rinpoché ou Matthieu Ricard.\r\nTrès intéressant, mais je suppose que le christianisme version « Corée » ou « Chine » doit faire se dresser les cheveux de bien de nos théologiens catholiques.','2018-05-12 14:36:56','Il faut entendre « bouddhisme moderne » au sens de « pseudo-bouddhisme ». Ce que l\'auteur critique n\'est pas le bouddhisme des Asiatiques mais le produit hybride qu\'ont créé les Occidentaux, comme solution imaginaire à leurs propres problèmes. Produit de la sécularisation européenne, ce bouddhisme imaginé est battu en brèche par l\'auteure, notamment en ce qui concerne la méditation, les pouvoirs surnaturels, les dogmes, l\'expérience mystique. Elle critique également le rôle parfois ambigu de personnalités médiatiques comme Sogyal Rinpoché ou Matthieu Ricard.','http://books.google.com/books/content?id=kwRGDwAAQBAJ&printsec=frontcover&img=1&zoom=1&edge=curl&source=gbs_api','2018-01-08','Bayard Culture','Marion DAPSANCE',11,'€',9782227492165,NULL),(97,13,3,'Pourquoi la société ne se laisse pas mettre en équations','Peut-on mettre en équations le comportement humain ? Des modélisations plus pointues, des algorithmes plus sophistiqués, le recours au tout puissant « Big-Data » nous permettront-ils de  percer enfin l’être profond de notre nature et de prévoir notre destinée, ou plus prosaïquement nos achats, nos votes, nos vacances, que sais-je ?  Et bien non, nous dit l’auteur, la numérisation du monde laisse encore de l’incertitude et croire qu’une nouvelle masse de données permettra enfin de savoir ce que nous espérons est une illusion.\r\nTrès bonne analyse, en chapitres courts et indépendants, qui permet de lire sans trop d’effort, si l’effort est un obstacle qui vous rebute.','2018-05-12 14:37:24','Croissance économique, classements des lycées, publicités sur le web : de plus en plus, nos activités sont mises en chiffres, en équations, pour aiguiller ou prédire nos comportements. Les big data, ces abondantes traces numériques que nous produisons constamment, nous permettront-elles de créer une nouvelle science de la société, aussi performante que les sciences de la nature ? Peut-on s\'inspirer des techniques de modélisation mathématique et de simulation informatique élaborées dans les sciences naturelles pour comprendre enfin la société et l\'améliorer ? Une analyse de cette perspective s\'avère urgente à l\'aube de la révolution numérique. Grâce à sa double compétence de chercheur en physique et en sciences sociales, l\'auteur décortique de nombreux cas concrets de quantification de nos activités, en les comparant aux mathématisations réussies de la physique. Il peut alors replacer ces exemples dans une perspective théorique générale, en expliquant les réussites, les échecs et les conséquences politiques d\'une mise en équations du monde. Pablo Jensen (@pablojensenlyon) est directeur de recherche au CNRS, membre du laboratoire de physique de l\'École normale supérieure de Lyon. Après avoir modélisé la matière, il se consacre à l\'étude des systèmes sociaux, en collaboration avec des informaticiens et des chercheurs en sciences sociales. Il est le fondateur des cafés des sciences et l\'auteur de Des atomes dans mon café crème (Seuil, 2001).','http://books.google.com/books/content?id=W95PDwAAQBAJ&printsec=frontcover&img=1&zoom=1&edge=curl&source=gbs_api','2018-03-15T00:00:00+','Le Seuil','Pablo Jensen',15,'€',9782021380118,NULL),(98,13,3,'Contre François Jullien','François Jullien a publié sur la « pensée chinoise » des ouvrages nombreux, qui ont connu un succès considérable en France et des traductions dans une quinzaine de langues. Un autre sinologue, Jean François Billeter, présente ici quelques-unes des objections qu\'on peut lui faire sur sa méthode et sur sa vision de la Chine. A travers François Jullien ce n’est pas un homme qui est visé, mais une représentation du rapport à l’autre. Son analyse peut être projetée sur d’autres civilisations. Par exemple l’art de la traduction, surtout dans ces langues orientales, est facilement trompeur. Notamment le mot Tao est toujours traduit par Voie, alors qu’il a une multitude de sens en Chine (imaginer le mot « grâce » en français : on peut le traduire par dix mots ayant dix sens différents). Mais si on met toujours « La voie » cela fait « chinois », incompréhensible et spécifique. Si à chaque fois, on le remplace par le mot qu’il faut, cela fait universel, et l’universel dans la pensée chinoise, c’est ce que cherche Billeter. C’est la quatrième édition de ce court texte absolument passionnant.','2018-05-12 14:38:06','François Jullien a publié sur la \"pensée chinoise\" des ouvrages nombreux, qui ont connu un succès considérable en France et des traductions dans une quinzaine de langues. Un autre sinologue, Jean François Billeter, présente ici quelques-unes des objections qu’on peut lui faire sur sa méthode et sur sa vision de la Chine. Il ouvre un débat qu’il estime indispensable et dont il montre les implications intellectuelles, morales et politiques.','http://books.google.com/books/content?id=DZiHAQAAQBAJ&printsec=frontcover&img=1&zoom=1&edge=curl&source=gbs_api','2013-10-23T00:00:00+','Editions Allia','Jean François BILLETER',3,'€',9782844857590,NULL),(99,13,3,'Sparte','« Sparte brille comme un éclair dans des ténèbres immenses\". Ainsi Robespierre caractérisa-t-il la cité des Spartiates en 1794. Bon, après cette citation qui rajoute aux poncifs écrits depuis 2500 ans sur cette cité grecque, on peut dire de ce livre que c’est un bon rappel mémoriel pour les curieux de l’histoire antique. Il a l’avantage d’exploiter les derniers travaux, thèses, écrits et fouilles archéologiques de ces  dernières années.','2018-05-12 14:38:31','La première synthèse illustrée et en français sur la fascinante cité de Sparte. \"Sparte brille comme un éclair dans des ténèbres immenses\". Ainsi Robespierre caractérisa-t-il la cité des Spartiates en 1794. Une telle formule manifestait un grand enthousiasme à l\'égard d\'une cité dont la législation, prêtée à Lycurgue, était censée pouvoir rendre les hommes égaux. Mais des hommes qui ont vécu il y a plus de deux millénaires peuvent difficilement être assimilés à ceux qui disent s\'inspirer d\'eux. C\'est donc en pratiquant l\'examen d\'événements anciens que l\'on peut, selon le conseil de Plutarque, s\'essayer à \"obliger la fable, épurée par la raison, à se soumettre à elle et à prendre l\'aspect de l\'histoire\". Car Sparte doit bien d\'abord être considérée comme une cité grecque de Grecs en Grèce. En d\'autres termes, la culture des hommes de Sparte dans l\'Antiquité était très semblable à celle des autres Grecs, bien que leurs organisations et leurs priorités différaient. Seront ainsi présentés les traits majeurs de l\'évolution de la cité, du VIIIe au IVe siècle av. J.-C., non seulement d\'un point de vue politique mais aussi artistique ou social. La richesse de la documentation portant sur les usages éducatifs, politiques, religieux et militaires permet ainsi d\'examiner le fonctionnement d\'une collectivité fascinante et originale, dont l\'un des traits originaux consiste dans l\'importance qu\'elle accorde à la guerre.','http://books.google.com/books/content?id=Y29NDwAAQBAJ&printsec=frontcover&img=1&zoom=1&edge=curl&source=gbs_api','2018-03-15','Perrin','Nicolas RICHER',15,'€',9782262076153,NULL),(100,13,3,'Contre les racines','Un essai magnifique sur la puissance évocatrice de cette notion de racines, ou plutôt sur cette métaphore de la racine. De quoi parlons-nous lorsque nous évoquons notre origine, nos traditions, notre identité?\r\nSa réflexion, apaisée et érudite, opère un paradoxal retour aux racines ( de Donald Trump à Romulus, en passant par Hérodote et la «cuisine traditionnelle» ), pour mieux constater que les valeurs d\'authenticité et de pureté que nous leur prêtons n\'existent pas.\r\n « Contre les racines » nous rappelle que les cultures sont changeantes et que les traditions se choisissent. A mettre en parallèle avec le livre magnifique « Eloge de l’oubli » de David Rieff.','2018-05-12 14:39:17','De quoi parlons-nous lorsque nous évoquons notre origine, nos traditions, notre identité ? Que dit, associée à ces mots devenus omniprésents, la métaphore des racines ? La nostalgie est un sentiment noble. Mais peut-elle nous aider à comprendre le monde où nous vivons ? En s’étonnant lui-même de ne plus reconnaître sa ville natale, Maurizio Bettini nous invite à une déambulation pleine de sensibilité dans la mémoire privée et collective. Sa réflexion, apaisée et érudite, opère un paradoxal retour aux racines – de Donald Trump à Romulus, en passant par Hérodote et la « cuisine traditionnelle » –, pour mieux constater que les valeurs d’authenticité et de pureté que nous leur prêtons n’existent pas. L’enjeu est de taille : il engage notre capacité à accueillir et à cohabiter avec d’autres cultures. Écartant une conception étroite de l’identité culturelle, Contre les racines nous rappelle que les cultures sont changeantes et que les traditions se choisissent.','http://books.google.com/books/content?id=BUwxDwAAQBAJ&printsec=frontcover&img=1&zoom=1&edge=curl&source=gbs_api','2017-09-06T00:00:00+','Flammarion','Maurizio Bettini',7,'€',9782081412255,NULL),(101,16,7,'Cher pays de notre enfance','\"Cher pays de notre enfance\" c’est une enquête à 2 mains (c’était déjà le cas dans \"Les Ignorants\" Ed° Futuropolis) sur un sujet politique sensible : les années noires de la V° République, lorsque le SAC (Service d’Action Civique) jouait à la police politique en France. Bilan de ces années troubles où politique et violence (la mal en politique peut-on dire) sont inséparables : l’assassinat du juge Renaud et la mort tragique du ministre Boulin, pour les faits les plus marquants, les plus structurants qui témoignent d’une vie politique digne d’un roman noir !!!!\r\nAprès, tout l’intérêt de cette bd c’est le travail d’enquête qui permet de rassembler témoignages et documents, non sans une pointe d’humour lorsque nos deux « candide » souhaitent rencontrer Charles Pasqua par exemple. Tout l’intérêt ce sont les témoins, acteurs ou victimes, leurs silences lourds de sens ou bien menaçants, ceux qui parlent et puis se rétractent…à méditer par les temps ou le politique prétend nous garder, nous protéger du terrorisme et autres formes de violence identifiées en laissant peut-être dans l’ombre une violence dont le pouvoir ne se séparerait jamais et que la raison d’Etat viendrait sceller ?','2018-05-12 14:40:06','Prix du Public 2016 au festival d\'Angoulême ! Assassinats de magistrats, de journalistes, de syndicalistes, et même de ministres : il n’y a pas que l’Italie qui a connu des \"années de plomb\" dans les années 70. La France aussi ! En partant à la rencontre des témoins de cette époque, en nous faisant visiter les archives enfin ouvertes sur le SAC, la milice du parti gaulliste, Étienne Davodeau et Benoît Collombat nous emmènent là où la vie politique d’une grande démocratie s’est parfois égarée... C’est la mort du juge Renaud, à Lyon, le 3 juillet 1975, premier haut magistrat assassiné depuis la Libération. Ce sont des braquages de banques, notamment par le fameux gang des Lyonnais, pour financer les campagnes électorales du parti gaulliste au pouvoir. Ce sont les nombreuses exactions impunies du SAC (le Service d’Action Civique), la milice du parti gaulliste, dont la plus sanglante fut la tuerie du chef du SAC marseillais et de toute sa famille à Auriol en 1981 (ce massacre aura bouleversé la France entière, et aura entraîné la dissolution du SAC par le parlement en août 1982). C’est l’assassinat de Robert Boulin, ministre du Travail du gouvernement de Raymond Barre, maquillé en suicide grossier dès la découverte du corps dans cinquante centimètres d’eau, le 30 octobre 1979, dans un étang de la forêt de Rambouillet. Ce sont 47 assassinats politiques* en France sous les présidences de Georges Pompidou et Valéry Giscard d’Estaing ! Avec, en arrière plan, le rôle actif joué par le SAC, la milice gaulliste engagée alors dans une dérive sanglante. C’est une page noire de notre histoire soigneusement occultée, aujourd’hui encore. En nous faisant visiter les archives sur le SAC, enfin ouvertes, en partant à la rencontre des témoins directs des événements de cette époque – députés, journalistes, syndicalistes, magistrats, policiers, ou encore malfrats repentis –, en menant une enquête approfondie et palpitante, Étienne Davodeau et Benoît Collombat nous font pénétrer de plain-pied dans les coulisses sanglantes de ces années troubles et nous convient à un voyage étonnant, instructif et passionnant à travers les heures sombres de la Ve République.','http://books.google.com/books/content?id=4rilCgAAQBAJ&printsec=frontcover&img=1&zoom=1&edge=curl&source=gbs_api','2015-10-08T00:00:00+','Futuropolis','Étienne Davodeau',16,'€',9782754814478,NULL),(102,14,7,'Les vieux fourneaux - Tome 1 - Ceux qui restent','Une série pleine d\'humour (j\'aime particulièrement le concept \"d\'attentat gériatrique\"...). A découvrir !','2018-05-12 14:40:44','Pierrot, Mimile et Antoine, trois septuagénaires, amis d\'enfance, ont bien compris que vieillir est le seul moyen connu de ne pas mourir. Quitte à traîner encore un peu ici-bas, ils sont bien déterminés à le faire avec style : un oeil tourné vers un passé qui fout le camp, l\'autre qui scrute un avenir de plus en plus incertain, un pied dans la tombe et la main sur le coeur. Une comédie sociale aux parfums de lutte des classes et de choc des générations, qui commence sur les chapeaux de roues par un road-movie vers la Toscane, au cours duquel Antoine va tenter de montrer qu\'il n\'y a pas d\'âge pour commettre un crime passionnel.','http://books.google.com/books/content?id=9iVAAwAAQBAJ&printsec=frontcover&img=1&zoom=1&edge=curl&source=gbs_api','2014-04-11','Dargaud','Wilfrid Lupano',NULL,NULL,9782505048824,NULL),(103,14,7,'Little Tulip','Emprisonné en même temps que ses parents, c\'est à l\'âge de sept ans que Pavel a découvert l\'enfer du goulag. Séparé des siens, il a dû apprendre à survivre seul. Quelques années plus tard, il connaît bien les règles qui régissent son univers : la violence permanente, l\'incurie des gardiens, la toute-puissance des chefs de gangs... Il sait que s\'adapter et s\'endurcir ne suffisent pas. Grâce à ses talents de tatoueur, il obtient la protection de Kiril-la-Baleine, un des caïds les plus redoutables...','2018-05-12 14:41:31','Cette édition spéciale Anniversaire des 5 ans d\'izneo est proposée dans une version Noir &amp; Blanc.','http://books.google.com/books/content?id=v49lBwAAQBAJ&printsec=frontcover&img=1&zoom=1&edge=curl&source=gbs_api','2015-03-16T00:00:00+','Le Lombard','Jérôme Charyn',9,'€',9782803652419,NULL),(104,14,7,'Saga – Chapitre 3','Un univers sans limite, peuplé de tous les possibles.Un univers sans limite, peuplé de tous les possibles. Une planète, Clivage, perdue dans la lumière froide d\'une galaxie mourante. Sur ce monde en guerre, la vie vient d\'éclore. Deux amants que tout oppose, Alana et Marko, donnent naissance à Hazel, un symbole d\'espoir pour leurs peuples respectifs. L\'espoir, une idée fragile qui devra s\'extraire du chaos de Clivage pour grandir, s\'épanouir et conquérir l\'immensité du cosmos.','2018-05-12 14:42:30','SAGA #3Un univers sans limite, peuplé de tous les possibles. Une planète, Clivage, perdue dans la lumière froide d\'une galaxie mourante. Sur ce monde en guerre, la vie vient d\'éclore. Deux amants que tout oppose, Alana et Marko, donnent naissance à Hazel, un symbole d\'espoir pour leurs peuples respectifs. L\'espoir, une idée fragile qui devra s\'extraire du chaos de Clivage pour grandir, s\'épanouir et conquérir l\'immensité du cosmos.','http://books.google.com/books/content?id=HUeaAgAAQBAJ&printsec=frontcover&img=1&zoom=1&edge=curl&source=gbs_api','2014-01-16T00:00:00+','Urban Comics','Brian K. Vaughan',1,'€',9791026800385,NULL),(105,16,7,'Le Sens de la vis - Volume 1 : La vacuité','Le zen selon Larcenet, irrésistiblement drôle, picaresque, burlesque... \r\nDemi Lune s\'engage sur le chemin de la sagesse aidé de son maître zen. Maître et disciple (mal assortis) réunis pour une aventure spirituelle qui donne au dessin, au trait une importance primordiale : les \"progrès\" du disciple Demi Lune se feront attendre, pour notre plus grand plaisir, car tracer le cercle n\'est pas chose si aisé !','2018-05-12 14:43:19','Après « Correspondances » dans la même collection, Ferri et Larcenet collaborent de nouveau pour proposer cette histoire basée sur la philosophie orientale, l’apprentissage du dessin, de la vie et, plus généralement, de l’univers.','http://books.google.com/books/content?id=4U9drqP-o-8C&printsec=frontcover&img=1&zoom=1&edge=curl&source=gbs_api','2010-03-26','Les Rêveurs','Manu Larcenet',6,'€',9782912747839,NULL),(107,14,1,'Faux-Miroir','De l\'enfance à l\'âge adulte nous suivons Adrien, Henri et Gabrielle dans leur vie. Une belle ambiance sur fond de première guerre mondiale.','2018-05-13 18:01:49','1914. La tempête qui s’abat sur l’Europe frappe au cœur d’un village de Provence. Adrien, le paysan, retrouve au front son ami d’enfance et rival tout-puissant, Henri, le fils du châtelain, qu’un événement brutal avait éloigné. Contre toute hiérarchie sociale, Gabrielle, sœur jumelle d’Henri, s’est promise à Adrien. L’épreuve de la guerre secoue l’ordre séculaire et révèle de troubles parentés secrètes. Gabrielle, dans son journal, témoigne de ce vertigineux bouleversement des âmes et des corps. À Henri et Adrien la boue du combat, à elle l’intimité et le recueil. Chacun d’entre eux, à sa manière, ira au bout de son engagement. Loin de la romance sentimentale, Bernard Alteyrac s\'entend à faire du récit d’un quotidien de perdition un singulier objet romanesque où le souvenir du Grand Meaulnes croise le Cocteau de La Belle et la Bête. Le \'Faux-Miroir\', colline où s’écrit un épisode de la bataille de la Marne, pourrait bien être le lieu d’une désillusion profonde, prélude au monde nouveau qui s’annonce.','http://books.google.com/books/content?id=EXVZDwAAQBAJ&printsec=frontcover&img=1&zoom=1&edge=curl&source=gbs_api','2018-05-17T00:00:00+','Editions Gallimard','Bernard Alteyrac',NULL,NULL,9782072743504,NULL);
/*!40000 ALTER TABLE `heart_stroke` ENABLE KEYS */;
UNLOCK TABLES;

--
-- Table structure for table `migration_versions`
--

DROP TABLE IF EXISTS `migration_versions`;
/*!40101 SET @saved_cs_client     = @@character_set_client */;
/*!40101 SET character_set_client = utf8 */;
CREATE TABLE `migration_versions` (
  `version` varchar(255) COLLATE utf8_unicode_ci NOT NULL,
  PRIMARY KEY (`version`)
) ENGINE=InnoDB DEFAULT CHARSET=utf8 COLLATE=utf8_unicode_ci;
/*!40101 SET character_set_client = @saved_cs_client */;

--
-- Dumping data for table `migration_versions`
--

LOCK TABLES `migration_versions` WRITE;
/*!40000 ALTER TABLE `migration_versions` DISABLE KEYS */;
INSERT INTO `migration_versions` VALUES ('20180512112053');
/*!40000 ALTER TABLE `migration_versions` ENABLE KEYS */;
UNLOCK TABLES;

--
-- Table structure for table `news_letter`
--

DROP TABLE IF EXISTS `news_letter`;
/*!40101 SET @saved_cs_client     = @@character_set_client */;
/*!40101 SET character_set_client = utf8 */;
CREATE TABLE `news_letter` (
  `id` int(11) NOT NULL AUTO_INCREMENT,
  `user_id` int(11) NOT NULL,
  `title` varchar(255) COLLATE utf8mb4_unicode_ci NOT NULL,
  `content` longtext COLLATE utf8mb4_unicode_ci NOT NULL,
  `created_at` datetime NOT NULL,
  PRIMARY KEY (`id`),
  KEY `IDX_2AB2D7EA76ED395` (`user_id`),
  CONSTRAINT `FK_2AB2D7EA76ED395` FOREIGN KEY (`user_id`) REFERENCES `user` (`id`)
) ENGINE=InnoDB AUTO_INCREMENT=14 DEFAULT CHARSET=utf8mb4 COLLATE=utf8mb4_unicode_ci;
/*!40101 SET character_set_client = @saved_cs_client */;

--
-- Dumping data for table `news_letter`
--

LOCK TABLES `news_letter` WRITE;
/*!40000 ALTER TABLE `news_letter` DISABLE KEYS */;
INSERT INTO `news_letter` VALUES (11,14,'Signature Dan Brown, exceptionnellement ce samedi !!','<p style=\"text-align:center\">&nbsp;</p>\r\n\r\n<p style=\"text-align:center\">Venez nombreux d&eacute;couvrir son dernier chef d&#39;oeuvre !</p>\r\n\r\n<p style=\"text-align:center\"><img alt=\"\" src=\"/projetlibrairie/public/assets/uploads/dan-brown-origin.jpg\" style=\"height:334px; width:500px\" /></p>','2018-05-13 23:09:00'),(12,14,'Amélie Nothomb présente toute la semaine à Aix en Provence','<p style=\"text-align:center\">Elle vous fera decouvrir son incroyable collection de chapeaux</p>\r\n\r\n<p style=\"text-align:center\"><img alt=\"\" src=\"/projetlibrairie/public/assets/uploads/amelie-nothomb-barcelone.jpg\" style=\"height:250px; width:500px\" /></p>','2018-05-13 23:11:06'),(13,13,'Apéritif littéraire tous les lundi soir à la librairie','<p>Venez nombreux pour partager vos derniers coups de coeur, ambiance conviviale assur&eacute;e !</p>','2018-05-13 23:13:34');
/*!40000 ALTER TABLE `news_letter` ENABLE KEYS */;
UNLOCK TABLES;

--
-- Table structure for table `user`
--

DROP TABLE IF EXISTS `user`;
/*!40101 SET @saved_cs_client     = @@character_set_client */;
/*!40101 SET character_set_client = utf8 */;
CREATE TABLE `user` (
  `id` int(11) NOT NULL AUTO_INCREMENT,
  `username` varchar(191) COLLATE utf8mb4_unicode_ci NOT NULL,
  `first_name` varchar(255) COLLATE utf8mb4_unicode_ci DEFAULT NULL,
  `last_name` varchar(255) COLLATE utf8mb4_unicode_ci DEFAULT NULL,
  `email` varchar(191) COLLATE utf8mb4_unicode_ci NOT NULL,
  `hash` varchar(255) COLLATE utf8mb4_unicode_ci NOT NULL,
  `phone` int(10) unsigned zerofill DEFAULT NULL,
  `address` varchar(255) COLLATE utf8mb4_unicode_ci DEFAULT NULL,
  `user_level` varchar(255) COLLATE utf8mb4_unicode_ci NOT NULL,
  `news_letter` tinyint(1) NOT NULL,
  `session_id` varchar(255) COLLATE utf8mb4_unicode_ci DEFAULT NULL,
  `session_ip` varchar(255) COLLATE utf8mb4_unicode_ci DEFAULT NULL,
  `created_at` datetime NOT NULL,
  `activated` tinyint(1) NOT NULL,
  `token` varchar(255) COLLATE utf8mb4_unicode_ci DEFAULT NULL,
  PRIMARY KEY (`id`),
  UNIQUE KEY `UNIQ_8D93D649F85E0677` (`username`),
  UNIQUE KEY `UNIQ_8D93D649E7927C74` (`email`)
) ENGINE=InnoDB AUTO_INCREMENT=18 DEFAULT CHARSET=utf8mb4 COLLATE=utf8mb4_unicode_ci;
/*!40101 SET character_set_client = @saved_cs_client */;

--
-- Dumping data for table `user`
--

LOCK TABLES `user` WRITE;
/*!40000 ALTER TABLE `user` DISABLE KEYS */;
INSERT INTO `user` VALUES (1,'Ruiz','Alain','Grondin','ijulien@georges.fr','$2y$10$Je4Ql3tcKqYcA5Og0dd2guqmyyWZfJrzpkW1d0Bjy.l8qJCGcxw5e',0412239266,'26, impasse Bernard Ledoux\n15 174 Carre','ROLE_CONTRIBUTOR',1,NULL,NULL,'2018-05-08 01:17:35',1,NULL),(2,'Paris','Charles','Garnier','kpaul@yahoo.fr','$2y$10$7CLcuJx26hVCHWu.6oDiAe2gaL2jI.Ugi6ySQEavsXDj0j8UmRW3.',0905507905,'7, chemin Adélaïde Martin\n84 877 BaillyVille','ROLE_CONTRIBUTOR',1,NULL,NULL,'2018-02-19 01:51:30',1,NULL),(3,'Lelievre','Charles','Lefort','yblin@free.fr','$2y$10$VlqUT1E.OTI7eEVBkoFONOPaRhTFa4Eyz2TTcRU3552uy8.kJHDC6',0218249262,'5, rue Laetitia Simon\n32250 Gosselindan','ROLE_CONTRIBUTOR',0,NULL,NULL,'2018-04-24 08:32:55',1,NULL),(4,'Gauthier','Hortense','Alexandre','fbegue@live.com','$2y$10$SgfvPUBOZtK35Z/P8/0b.OXKp38HRx403Vo4zH6fjVfLrZfSEknFK',0762530887,'62, place Vidal\n67342 Normand-les-Bains','ROLE_CONTRIBUTOR',0,NULL,NULL,'2018-01-18 21:29:44',1,NULL),(5,'Gay','Zoé','Bernier','seguin.nicolas@club-internet.fr','$2y$10$ciK/eZ2DSxoQ8qI2U1O0bezueMfZXk1G5zzeeV5vLfXcENN59RNrm',0685005586,'26, boulevard de Hubert\n08974 Chauvet','ROLE_CONTRIBUTOR',1,NULL,NULL,'2018-05-02 00:30:55',1,NULL),(6,'Legros','Dorothée','Mendes','timothee.roux@millet.com','$2y$10$gnJBhIN0WY5QMg/W2/xhr.49L6fB1RPoZAULYDK1QknJlO4yRjJrG',0199263776,'787, rue Nicolas Riou\n37 283 Pons','ROLE_USER',0,NULL,NULL,'2017-11-16 04:03:51',1,NULL),(7,'Delorme','Augustin','Legrand','agermain@mace.fr','$2y$10$BsDwyzR8CbLEnrj51zUi/uFvpm1Tmo.SWQCKZ81Aq9j5h5.tx5k/m',0483200635,'89, rue Da Costa\n82497 Barthelemyboeuf','ROLE_CONTRIBUTOR',1,NULL,NULL,'2018-01-25 15:40:50',1,NULL),(8,'Leconte','Hugues','Schmitt','qcamus@sfr.fr','$2y$10$rg4KQzWDhhCwLrEXt89SUemo.6vW7CmC/XP.BIlL6Qfu.ijDEcjpG',0632980101,'373, avenue de Cohen\n58907 Le Goff','ROLE_USER',1,NULL,NULL,'2018-04-13 10:44:01',1,NULL),(9,'Gosselin','Gabriel','Philippe','oseguin@club-internet.fr','$2y$10$X6pE10u2g8LmuLEbxBxUheZlTPSOKhIgrSDyuVqgK1dNBWMzBED6e',0426355330,'33, chemin Denise Martineau\n44 319 Jacques','ROLE_CONTRIBUTOR',0,NULL,NULL,'2018-04-29 07:45:12',1,NULL),(10,'Antoine','Michèle','Normand','elanglois@sfr.fr','$2y$10$/mz0VhFsd1DzEXMYLkOHV.ZYG/zNwZPhwVEIiXW3WyR.3t5yXZpCi',0903651614,'1, impasse Bonnet\n31 808 Charles','ROLE_USER',0,NULL,NULL,'2018-04-15 14:37:51',1,NULL),(11,'admin','Cédric','DEDENON','cedricdedenon@gmail.com','$2y$10$SNuwgSFKcz0Ei8sHbFYNtuQFk5spLIzUqA6d8Dm0gEaGHmcC6390O',0123456789,'Aix en provence','ROLE_ADMIN',1,NULL,NULL,'2017-12-20 15:33:57',1,NULL),(12,'client','Marie','Pottier','marie@pottier.com','$2y$10$LZNTDoRN/upnJ2Z8OQWnIujp8uvMmZVOGNKRt18xyZFbN1SABQccu',0123456789,'Aix en provence','ROLE_USER',1,NULL,NULL,'2018-01-20 15:07:51',1,NULL),(13,'Jean-marc','Jean-marc',NULL,'jean-marc@mail.com','$2y$10$BL6msl9xr6fixIUsRkS..eGGuBxZqU6o6cbwMi1nB7RsurYcpqesm',NULL,NULL,'ROLE_ADMIN',1,NULL,NULL,'2018-05-12 13:35:57',1,NULL),(14,'Julie','Julie',NULL,'julie@mail.com','$2y$10$c5ZS/n6tR222crzlBXuk6.0bnuqo4MuxJ3EvI4KvkaiIHppYMPM6.',NULL,NULL,'ROLE_ADMIN',1,NULL,NULL,'2018-05-12 13:37:46',1,NULL),(15,'Magali','Magali',NULL,'magali@mail.com','$2y$10$6c225V/IXl7UvZfvMhK29eubpwu8cct.ETrPa5zJY10/YR6m.neQi',NULL,NULL,'ROLE_ADMIN',1,NULL,NULL,'2018-05-12 13:38:15',1,NULL),(16,'Frederic','Frederic',NULL,'frederic@mail.com','$2y$10$nfJ541d3OWuOvmnQGADP9OUTBaiO.MWrIpqVW0FSoZDj1UgiJZjlq',NULL,NULL,'ROLE_ADMIN',1,NULL,NULL,'2018-05-12 13:38:43',1,NULL),(17,'Joffrey','Joffrey','Simonnet','joesimonnet@gmail.com','$2y$10$25pxCAiPsk7zVhzc4X3KIu1xpPLBQ0LIuZXhATRPg3QImoc/xe76a',0684376789,'43, rue de l\'ange','ROLE_USER',1,NULL,NULL,'2018-05-12 13:39:33',1,'9e1dc1ab8e0b6c3ee14e25a7311f72ce');
/*!40000 ALTER TABLE `user` ENABLE KEYS */;
UNLOCK TABLES;
/*!40103 SET TIME_ZONE=@OLD_TIME_ZONE */;

/*!40101 SET SQL_MODE=@OLD_SQL_MODE */;
/*!40014 SET FOREIGN_KEY_CHECKS=@OLD_FOREIGN_KEY_CHECKS */;
/*!40014 SET UNIQUE_CHECKS=@OLD_UNIQUE_CHECKS */;
/*!40101 SET CHARACTER_SET_CLIENT=@OLD_CHARACTER_SET_CLIENT */;
/*!40101 SET CHARACTER_SET_RESULTS=@OLD_CHARACTER_SET_RESULTS */;
/*!40101 SET COLLATION_CONNECTION=@OLD_COLLATION_CONNECTION */;
/*!40111 SET SQL_NOTES=@OLD_SQL_NOTES */;

-- Dump completed on 2018-05-13 21:16:16
